category,filename,width,height
antelope,02f4b3be2d.jpg,1640,1025
antelope,03d7fc0888.jpg,300,228
antelope,058fa9a60f.jpg,226,223
antelope,17a07512e9.jpg,640,426
antelope,17ddf07f85.jpg,254,199
antelope,1d3c6105c9.jpg,275,183
antelope,1d556456dc.jpg,1254,836
antelope,1db1ad56e5.jpg,1920,1080
antelope,24b29ea96e.jpg,275,183
antelope,26ffc1ee1f.jpg,344,146
antelope,27a5369441.jpg,253,199
antelope,27d251fa65.jpg,800,994
antelope,2c11ae88c0.jpg,225,225
antelope,2d2dd75fb8.jpg,1000,667
antelope,2efa7906c2.jpg,275,183
antelope,34e5155c46.jpg,860,576
antelope,37fccb303f.jpg,515,600
antelope,3a3ea34fb6.jpg,237,213
antelope,41d70d1f6b.jpg,1200,675
antelope,41f6b61453.jpg,276,183
antelope,4e5b190ff0.jpg,294,172
antelope,54a58b5f0a.jpg,960,635
antelope,61c60311b5.jpg,1280,720
antelope,61f99c8534.jpg,550,459
antelope,65fd7f96e5.jpg,299,169
antelope,68eb12a751.jpg,275,183
antelope,6aa06f252d.jpg,1280,850
antelope,6b26150e67.jpg,200,252
antelope,6cd126d1c1.jpg,976,549
antelope,6fb2619e84.jpg,274,184
antelope,71e7414274.jpg,188,268
antelope,72e3e735f7.jpg,300,168
antelope,73c2ef82e2.jpg,840,680
antelope,7cf6c0e8c0.jpg,1698,1131
antelope,7e12bc4942.jpg,2880,1228
antelope,82e0981104.jpg,268,188
antelope,8a55e17288.jpg,175,287
antelope,8b1539144f.jpg,310,163
antelope,8bab6ca1d3.jpg,300,168
antelope,95db50fb56.jpg,299,168
antelope,9a58695d48.jpg,184,274
antelope,9acc1d8400.jpg,300,168
antelope,9b08d5d668.jpg,926,726
antelope,9b9623816d.jpg,300,168
antelope,9c4d85f9d8.jpg,768,451
antelope,9e39fc9334.jpg,259,194
antelope,fab6e81536.jpg,1600,1459
antelope,fc1dd26858.jpg,276,183
antelope,fc6545699d.jpg,1200,630
antelope,fd085737a4.jpg,360,450
badger,00f56e5c92.jpg,1200,1200
badger,010fce8ee7.jpg,307,164
badger,028efe8aab.jpg,768,574
badger,047c50963a.jpg,1417,1129
badger,06b48e099f.jpg,300,168
badger,0798f04ce0.jpg,1024,683
badger,0836f4eb45.jpg,940,529
badger,0c29e0107f.jpg,299,168
badger,0cf04d0dab.jpg,1200,630
badger,0e13bf2bf3.jpg,1024,548
badger,10a6d3492c.jpg,300,168
badger,147a5daad3.jpg,2000,1191
badger,14d27983c0.jpg,976,549
badger,173fedc818.jpg,192,262
badger,1ca97cd058.jpg,3072,2304
badger,1f06d5b24c.jpg,225,225
badger,21ec1b1f1a.jpg,1200,529
badger,23bfad16a7.jpg,352,143
badger,26edf44cd9.jpg,3071,3072
badger,285fa8e668.jpg,1200,797
badger,2a242797a3.jpg,636,423
badger,2a8b186a9d.jpg,300,168
badger,2aac5ffd72.jpg,253,199
badger,2c8396c663.jpg,2000,1334
badger,2e5a00c0a5.jpg,362,139
badger,30c66e7ad1.jpg,287,221
badger,315c444990.jpg,264,191
badger,378aa5cc58.jpg,259,194
badger,37a4e3ef89.jpg,1200,801
badger,3cf13ad980.jpg,316,160
badger,3e9f67e828.jpg,799,640
badger,474f28df0a.jpg,275,183
badger,4b889c5467.jpg,434,255
badger,4c2236afb5.jpg,653,854
badger,4c273d12a9.jpg,285,177
badger,4e04eaba81.jpg,300,168
badger,51f50a9015.jpg,945,385
badger,59a092f934.jpg,264,191
badger,5bffbd51cf.jpg,1000,1000
badger,5c5d9cb086.jpg,1600,2844
badger,630f6e0af4.jpg,1500,800
badger,63d7c3e6d0.jpg,220,176
badger,63ecc10a24.jpg,400,400
badger,648af59ce9.jpg,2121,1193
badger,68d85c376b.jpg,290,174
badger,68f189620f.jpg,275,183
badger,6b36a20a5a.jpg,800,558
badger,6e0e5b7cdf.jpg,275,183
badger,6f6978e81e.jpg,2000,1335
badger,709f331442.jpg,310,163
badger,70ad9eb57e.jpg,1000,667
badger,77bbc33783.jpg,690,498
badger,7eebcfe7f7.jpg,1400,933
badger,7f3de940fe.jpg,640,480
badger,860fea93aa.jpg,311,162
badger,86e99c22bc.jpg,300,168
badger,87d1db4af3.jpg,275,183
badger,89a8316cd4.jpg,275,183
badger,8d46358cff.jpg,225,225
badger,99e296bf48.jpg,1400,933
bat,003bd60fa9.jpg,300,168
bat,0315a4b6b7.jpg,1200,900
bat,0de51464d4.jpg,300,168
bat,132f45ab15.jpg,183,275
bat,1585d0c4e5.jpg,266,190
bat,16f6af0091.jpg,300,168
bat,1dd514de63.jpg,1500,2250
bat,1fd53c0b98.jpg,1200,900
bat,29ac63f736.jpg,345,146
bat,2bcd2a1dd7.jpg,1400,787
bat,2d028b789d.jpg,1200,800
bat,2db5fafa2d.jpg,259,194
bat,2dba7ed0d9.jpg,1200,800
bat,2f7c6c7cd5.jpg,2961,1974
bat,2fa47a2579.jpg,1200,675
bat,323c33dbaf.jpg,940,529
bat,32fac37649.jpg,1200,675
bat,330e4a8053.jpg,275,183
bat,33d648fe94.jpg,1600,1200
bat,3ab1cafd39.jpg,300,168
bat,3d1dda7723.jpg,2000,1200
bat,3fa70c519c.jpg,257,196
bat,461e95198f.jpg,3518,3518
bat,47d2c91d9b.jpg,225,225
bat,499be57e10.jpg,275,183
bat,4c23df5b08.jpg,640,480
bat,513bb906a6.jpg,1200,672
bat,526e897d68.jpg,201,251
bat,557b9d9df6.jpg,2560,1707
bat,567b1434b3.jpg,1028,579
bat,57c0849090.jpg,259,194
bat,57f9d0f848.jpg,352,143
bat,5a5de9561b.jpg,300,168
bat,5b8a9fd24f.jpg,259,194
bat,5e85312fa8.jpg,1400,934
bat,60e4ed4a35.jpg,900,600
bat,616c0dae7f.jpg,225,225
bat,61f1df47c6.jpg,277,182
bat,640e1bbb55.jpg,948,632
bat,68b39cc449.jpg,304,166
bat,6b4b95f0c4.jpg,800,600
bat,6da14f603d.jpg,250,200
bat,733e36d245.jpg,299,168
bat,73ca4f047e.jpg,1200,800
bat,741fa84ed0.jpg,1200,1482
bat,74d55d6d41.jpg,636,423
bat,7c5455b078.jpg,1400,934
bat,7e7b7d9ed7.jpg,275,183
bat,7f55635dbb.jpg,225,225
bat,80fae36821.jpg,1200,900
bat,82a9875c4a.jpg,259,194
bat,852ea40aff.jpg,201,250
bat,866a4779a7.jpg,624,351
bat,86f12c02c6.jpg,1200,675
bat,8a62f5cff4.jpg,299,168
bat,8ed76190d8.jpg,1200,650
bat,97a1e99f6c.jpg,600,360
bat,98dd1f3d00.jpg,275,183
bat,9a84392cf2.jpg,275,183
bat,9b7b09154c.jpg,1600,1054
bear,039b2ae790.jpg,1061,1600
bear,048d7b29e3.jpg,275,183
bear,04e5d04320.jpg,183,276
bear,08e665796d.jpg,183,275
bear,090234b385.jpg,1991,1506
bear,093836b753.jpg,1200,675
bear,0e6a8744de.jpg,310,163
bear,0f61069510.jpg,275,183
bear,0f6b575750.jpg,300,168
bear,116d9b7f88.jpg,183,275
bear,1971d6e226.jpg,425,307
bear,1b890605d5.jpg,800,628
bear,1ebb88dff2.jpg,395,595
bear,1eda26b7f5.jpg,178,284
bear,22ea4eea68.jpg,664,1000
bear,25ad0adb55.jpg,231,218
bear,25e21b4f3e.jpg,1200,900
bear,26f9a8f6e9.jpg,318,159
bear,283a497e0e.jpg,225,225
bear,28cf1633e6.jpg,959,768
bear,28f3e554e6.jpg,1000,1250
bear,290cd7afc5.jpg,420,240
bear,2a868ca175.jpg,259,194
bear,30f9c0dcd8.jpg,800,533
bear,36a8de3afb.jpg,1000,750
bear,385cd10acb.jpg,258,195
bear,39d27b6e2b.jpg,530,795
bear,3a8b120f53.jpg,2560,853
bear,3dbd23430d.jpg,350,234
bear,4286c87550.jpg,318,159
bear,4384ef0218.jpg,1820,2730
bear,458f3c80a1.jpg,261,193
bear,4ab1a3197a.jpg,201,251
bear,4cb42bf550.jpg,261,193
bear,4e7dc3eb5f.jpg,253,199
bear,506eee4ad2.jpg,636,423
bear,50de227a21.jpg,275,183
bear,513d459586.jpg,275,183
bear,561c2bfe97.jpg,600,335
bear,5687a6bcec.jpg,297,170
bear,5db7b4c807.jpg,262,193
bear,5dfb1c44b4.jpg,3072,3072
bear,5f0ccad194.jpg,1440,960
bear,6bee43b688.jpg,297,170
bear,6d4f05236d.jpg,640,480
bear,6da5c2a437.jpg,353,143
bear,7ad4697892.jpg,389,129
bear,7c4f6d1f97.jpg,2000,1333
bear,831f7bd81b.jpg,600,336
bear,86581a8ae9.jpg,1000,700
bear,87a4b68284.jpg,275,183
bear,8ab6a06ff9.jpg,3437,2578
bear,8cf44a21ba.jpg,3000,2000
bear,8ded9df224.jpg,672,470
bear,8e7bbfe4df.jpg,3851,2735
bear,8fccd0fedd.jpg,201,251
bear,90c8120829.jpg,1280,720
bear,98efff8440.jpg,636,423
bear,9a34b276e2.jpg,300,168
bear,9f5fc65189.jpg,654,600
bee,0d562e4829.jpg,275,183
bee,0ec9efe6d8.jpg,1000,666
bee,0fa99039ab.jpg,400,327
bee,10c5ebb8c4.jpg,590,393
bee,1111feb0ff.jpg,1024,536
bee,14a1eaf657.jpg,300,168
bee,160cdad8e6.jpg,251,201
bee,1a0fedad1a.jpg,299,168
bee,1cb123c4e9.jpg,1280,853
bee,2780aa6c10.jpg,299,168
bee,2afadcf34f.jpg,275,183
bee,2e3d7a7bd4.jpg,183,275
bee,356ff70eab.jpg,590,400
bee,357b607816.jpg,275,183
bee,36e6bee909.jpg,300,168
bee,3d28692ff1.jpg,3072,2048
bee,3fbdf8c63c.jpg,810,539
bee,402ec9cd1b.jpg,1024,768
bee,43aebfb444.jpg,300,168
bee,43c4bde0d3.jpg,2559,1706
bee,4583aa4975.jpg,1700,896
bee,45af75e0da.jpg,275,183
bee,462c97a5db.jpg,360,140
bee,47a87d7786.jpg,591,294
bee,4e071e5399.jpg,1800,1800
bee,517aca5da2.jpg,205,246
bee,520c8528bc.jpg,1280,720
bee,5267f18ec9.jpg,1539,1539
bee,55ca0c7f9c.jpg,1024,682
bee,5adc0a316b.jpg,272,185
bee,5b2a142324.jpg,275,183
bee,5ccea1aa7f.jpg,300,168
bee,5e5f10bcc4.jpg,1600,901
bee,5f4eacc507.jpg,263,192
bee,603a820424.jpg,1200,800
bee,603c18f907.jpg,1920,1283
bee,60d72b6d7f.jpg,309,163
bee,671dd289e7.jpg,2000,1333
bee,671f7ca8be.jpg,800,450
bee,6bf580fcf5.jpg,297,170
bee,6da86c5015.jpg,301,167
bee,6dc58e2893.jpg,1280,720
bee,759a9528e9.jpg,275,183
bee,771c3186af.jpg,3000,1170
bee,78c259940c.jpg,2000,1125
bee,797a3a9537.jpg,275,183
bee,7c3bc627c6.jpg,1050,550
bee,81c541cae0.jpg,310,162
bee,82e7b97984.jpg,850,480
bee,82f3842d33.jpg,712,650
bee,88ad9444d0.jpg,840,480
bee,8af6a1eacd.jpg,273,185
bee,8c4b1f330a.jpg,590,387
bee,8e2a1d91f8.jpg,1920,1280
bee,8e3037a963.jpg,225,225
bee,927d38205d.jpg,2000,1200
bee,957c3736fc.jpg,319,158
bee,95c62debad.jpg,1400,1400
bee,9ade223a4d.jpg,2112,1188
bee,9e3c9b326e.jpg,275,183
beetle,02b34c63a2.jpg,300,168
beetle,03cb643880.jpg,200,240
beetle,05f1f4c7c8.jpg,1200,1200
beetle,063b1929b3.jpg,600,300
beetle,094b2870d0.jpg,147,200
beetle,0d46406b7c.jpg,256,197
beetle,0de750893f.jpg,942,1517
beetle,0f72117666.jpg,189,266
beetle,0f7582cad7.jpg,1000,667
beetle,138f5c986e.jpg,311,162
beetle,143b7c5d00.jpg,304,166
beetle,1ae9801eb0.jpg,259,194
beetle,255ee9c939.jpg,259,194
beetle,29309ff01e.jpg,248,203
beetle,2bf82afaf7.jpg,435,490
beetle,2fecd5e844.jpg,360,268
beetle,34ce20c163.jpg,300,168
beetle,3e7669bf98.jpg,1200,1200
beetle,41f55933e6.jpg,924,1298
beetle,44931701fe.jpg,293,172
beetle,46b0a8555f.jpg,275,183
beetle,48856ca51b.jpg,275,183
beetle,4a63810453.jpg,225,225
beetle,4cb4b45e31.jpg,466,341
beetle,508a3a9356.jpg,325,245
beetle,50c20f936f.jpg,1024,1024
beetle,514cd025fa.jpg,900,386
beetle,5298d71dcc.jpg,1446,1446
beetle,55aba0a3ac.jpg,300,212
beetle,5739e5efaa.jpg,343,147
beetle,596fcfaa43.jpg,570,330
beetle,5a2117fccb.jpg,259,194
beetle,5afd80bec1.jpg,147,200
beetle,5b02ca3767.jpg,279,181
beetle,5c3e299635.jpg,1280,720
beetle,5dc296bee2.jpg,459,458
beetle,5dfc1af2a8.jpg,948,452
beetle,5fae39498d.jpg,259,194
beetle,606253cc40.jpg,1024,829
beetle,62cfac2a19.jpg,211,238
beetle,6543ff7e93.jpg,300,168
beetle,65af975c4f.jpg,1024,600
beetle,65e2848c9b.jpg,600,450
beetle,6670d76613.jpg,1075,768
beetle,687486f1cb.jpg,275,183
beetle,6885dfc6de.jpg,870,1390
beetle,6aab1daded.jpg,352,143
beetle,711b1b0b99.jpg,600,600
beetle,727ce16ec3.jpg,1200,675
beetle,7413365c3f.jpg,259,195
beetle,77c06b1123.jpg,2250,3000
beetle,78efbd73a6.jpg,700,394
beetle,7d7f6c9750.jpg,303,166
beetle,7f7b2507b5.jpg,1024,675
beetle,829e17c31b.jpg,260,194
beetle,92df7bb742.jpg,370,450
beetle,93fb82b04b.jpg,250,202
beetle,9977af1a6f.jpg,720,542
beetle,99c2f09107.jpg,1050,450
beetle,fff3087af1.jpg,800,600
bison,02116e752c.jpg,768,464
bison,09fb217ec3.jpg,275,183
bison,0cd71800f3.jpg,275,183
bison,133ca596fe.jpg,1720,968
bison,150de5d9c4.jpg,1280,720
bison,17fd28dbd4.jpg,1884,1413
bison,1a94573fa2.jpg,1640,1025
bison,1a993de5a8.jpg,259,194
bison,1c4993f09f.jpg,1500,998
bison,1cc556c57a.jpg,1200,627
bison,1e727a98f4.jpg,1280,720
bison,1e92525212.jpg,450,290
bison,1fe7411d04.jpg,300,168
bison,1ff9aec98d.jpg,1024,683
bison,2d033a7d34.jpg,300,168
bison,2e1e1357b7.jpg,300,168
bison,2e25157a7f.jpg,376,134
bison,2e29f399bd.jpg,2500,1878
bison,2fe9812e0d.jpg,4928,2013
bison,35e68b0489.jpg,2000,1133
bison,3ac6b41fff.jpg,2500,1328
bison,3c991fec2f.jpg,225,225
bison,3caa994e3d.jpg,1600,1067
bison,3d11fc4521.jpg,1200,800
bison,3d657e1eb5.jpg,1400,787
bison,3e16486ab9.jpg,311,162
bison,4296ac8525.jpg,275,183
bison,46a972d88c.jpg,275,183
bison,4a11160cd7.jpg,308,163
bison,4d50fcf8a7.jpg,1200,675
bison,50ec617e59.jpg,640,480
bison,5358ba1f24.jpg,1024,683
bison,59c044d6bb.jpg,2500,1593
bison,5c81a68ac3.jpg,2123,1412
bison,5f3c5cffee.jpg,300,168
bison,5fb564e371.jpg,1707,2560
bison,60d925696f.jpg,1200,655
bison,66b5df00e3.jpg,282,179
bison,68fe235aec.jpg,275,183
bison,6e58d5608a.jpg,1200,628
bison,6ff12c928f.jpg,266,190
bison,73b10839bc.jpg,280,180
bison,74dc1dd32a.jpg,294,171
bison,75ab166a7d.jpg,800,508
bison,79e1610d01.jpg,3072,3072
bison,7ba5eee91f.jpg,263,191
bison,7d214aab4b.jpg,975,650
bison,7f2ef9ab03.jpg,276,183
bison,82ec723a4f.jpg,275,183
bison,85e145af6c.jpg,1920,1280
bison,862e2c6379.jpg,275,183
bison,87a5c700ad.jpg,1600,1067
bison,88b723ce90.jpg,275,183
bison,8c3af742c3.jpg,4000,2666
bison,8e34044b98.jpg,910,682
bison,8e6adbdc40.jpg,3072,1728
bison,8fce80d5ba.jpg,3801,3264
bison,961a895686.jpg,1200,783
bison,984a5b583d.jpg,259,194
bison,9e150d02f9.jpg,976,549
boar,0903d0db72.jpg,275,183
boar,0b2e935388.jpg,1200,900
boar,0d168ffd8a.jpg,300,164
boar,12c58c5e8c.jpg,2362,3543
boar,13e49ce33a.jpg,328,154
boar,149cf25549.jpg,263,192
boar,1643dbb824.jpg,299,168
boar,17c67e42a7.jpg,1920,1217
boar,183f0cd1c2.jpg,1200,1200
boar,1e28d918cf.jpg,512,373
boar,2005eb9945.jpg,3000,2000
boar,25ec8c79ee.jpg,299,168
boar,287ebb3999.jpg,268,188
boar,28aea02d8b.jpg,275,183
boar,2bec6d90a6.jpg,285,177
boar,2c23b537e2.jpg,930,558
boar,2e85f933b3.jpg,300,168
boar,2fa8d16887.jpg,1600,900
boar,343c23952b.jpg,268,188
boar,351fc18170.jpg,263,192
boar,3c34dc709e.jpg,295,171
boar,3d28ab32a5.jpg,278,181
boar,3fc82d21eb.jpg,275,183
boar,481db3c9bd.jpg,300,168
boar,4a799151a2.jpg,288,175
boar,4b3234a9cf.jpg,225,225
boar,4c9de46c24.jpg,800,485
boar,4d216b409a.jpg,2525,1753
boar,4f5b8e247e.jpg,1200,750
boar,4f712dd94c.jpg,1200,630
boar,517c9f6d24.jpg,182,277
boar,51c7d65b34.jpg,1404,672
boar,5297f21f92.jpg,1200,1421
boar,52fca892e9.jpg,300,164
boar,549c6255cb.jpg,800,582
boar,580d7cc298.jpg,512,418
boar,583c3a1d3e.jpg,500,352
boar,5aa8637cf7.jpg,310,163
boar,5d00af3e3f.jpg,1200,900
boar,5d4baab2e0.jpg,1200,800
boar,61c314e564.jpg,295,171
boar,62aaa0057f.jpg,668,324
boar,640adadebc.jpg,640,371
boar,684b815f3d.jpg,600,450
boar,68b228e6ca.jpg,325,155
boar,755f1917ac.jpg,1200,628
boar,79b4862abe.jpg,600,400
boar,7b435a22dd.jpg,275,183
boar,7bcca83462.jpg,251,201
boar,7dbc8fac10.jpg,600,400
boar,7f1d39763e.jpg,301,167
boar,89d3a108ef.jpg,1000,700
boar,8b56ccd502.jpg,300,168
boar,911a9d2f67.jpg,225,225
boar,942a4ed80a.jpg,1024,669
boar,94bbb828ba.jpg,248,203
boar,962a7fc413.jpg,1200,800
boar,981d244af2.jpg,982,726
boar,9d842e6c27.jpg,274,184
boar,9f4587d093.jpg,636,358
butterfly,016caf0681.jpg,300,168
butterfly,10dd21a05c.jpg,1831,771
butterfly,110f709dfb.jpg,276,183
butterfly,11ccf63df4.jpg,1600,1066
butterfly,13bc40b533.jpg,1960,3000
butterfly,16a79172c2.jpg,640,480
butterfly,16b44ef03b.jpg,1024,613
butterfly,179b8e3c33.jpg,225,225
butterfly,1c1de9b3a2.jpg,272,185
butterfly,1c382b3385.jpg,1200,675
butterfly,1c97438e96.jpg,300,168
butterfly,2105f72d23.jpg,275,183
butterfly,215f5c919b.jpg,268,188
butterfly,26c0074cef.jpg,275,183
butterfly,27e70134f5.jpg,669,446
butterfly,2c1d889764.jpg,225,225
butterfly,2c514531e1.jpg,1280,720
butterfly,2c52b24385.jpg,567,686
butterfly,2c8a89664b.jpg,672,378
butterfly,2e59b6e7c7.jpg,1600,900
butterfly,3513bc5551.jpg,275,183
butterfly,3720ca97bc.jpg,1024,715
butterfly,37a1b4de80.jpg,280,280
butterfly,3c19f4785b.jpg,1920,1080
butterfly,3fd3aebc4b.jpg,300,168
butterfly,409ab5f2f9.jpg,275,184
butterfly,4830c4207b.jpg,300,168
butterfly,4862ffccc5.jpg,1200,627
butterfly,48c662d1ce.jpg,1200,627
butterfly,49da7810ae.jpg,275,183
butterfly,4d0bb88054.jpg,1080,834
butterfly,4dc0e11cdd.jpg,260,194
butterfly,5a094c5a36.jpg,300,300
butterfly,5e0bb64200.jpg,317,159
butterfly,600bce49ef.jpg,1920,1067
butterfly,60e6114a8a.jpg,225,225
butterfly,60eb7f058d.jpg,275,183
butterfly,620fc0d86e.jpg,1200,630
butterfly,63a57d9527.jpg,1200,675
butterfly,6a09b0f37d.jpg,500,750
butterfly,6bd95d1776.jpg,400,300
butterfly,6ef1439231.jpg,960,540
butterfly,78c0646afd.jpg,318,159
butterfly,799eea3f84.jpg,800,450
butterfly,7ace210e11.jpg,275,183
butterfly,7af84c6e5a.jpg,300,168
butterfly,810c695037.jpg,1200,800
butterfly,843a638f47.jpg,760,443
butterfly,85e36e035c.jpg,255,197
butterfly,88cb3b58df.jpg,225,225
butterfly,8c25f34950.jpg,1080,963
butterfly,8c44899790.jpg,1200,1200
butterfly,8f9c022352.jpg,300,168
butterfly,903cb5fb73.jpg,600,750
butterfly,914e36917d.jpg,275,183
butterfly,91af981d14.jpg,790,496
butterfly,91cc6f8ef4.jpg,259,194
butterfly,9affbc09db.jpg,204,247
butterfly,9e9409f4fd.jpg,1280,931
butterfly,9ec9340720.jpg,600,315
cat,00357563a7.jpg,1240,698
cat,029c926ce9.jpg,225,225
cat,057e6db146.jpg,299,168
cat,087d293433.jpg,300,168
cat,094ac674a9.jpg,299,168
cat,0b54dde5f5.jpg,1071,1600
cat,0c3d04bcf5.jpg,1280,720
cat,0cfaf08fce.jpg,275,183
cat,0d0d6d90d8.jpg,1800,1200
cat,11883c3dd8.jpg,1280,720
cat,124eecb74f.jpg,344,361
cat,15b23c04b7.jpg,1280,720
cat,1a2dce7848.jpg,264,191
cat,1f016e1910.jpg,275,183
cat,2a40de8365.jpg,1028,579
cat,2d7dc1ddb5.jpg,800,499
cat,31ae8d36b6.jpg,1200,900
cat,32cd00f171.jpg,764,1024
cat,3321ec48a8.jpg,900,675
cat,34fb30ecc5.jpg,284,177
cat,354bb2acdf.jpg,1200,1200
cat,39ae72da61.jpg,480,480
cat,3f3a2aaef2.jpg,275,183
cat,46af339620.jpg,300,168
cat,4815f8dfaa.jpg,1200,600
cat,4bd8b7789f.jpg,968,645
cat,4c6ff6dae0.jpg,1024,512
cat,578d493138.jpg,2048,1366
cat,5a5cdbdc6b.jpg,700,525
cat,5aaea25f27.jpg,286,176
cat,5e07a0666d.jpg,1200,706
cat,6128bd1a84.jpg,650,400
cat,612c521481.jpg,275,183
cat,6296ca5ccf.jpg,219,230
cat,636b432421.jpg,636,424
cat,66548aefad.jpg,976,649
cat,67dc417509.jpg,194,260
cat,68a2e3af59.jpg,293,172
cat,6a5e9eac29.jpg,640,480
cat,6edc079fcf.jpg,300,168
cat,6fe978c917.jpg,330,330
cat,71756f7bd0.jpg,2121,1414
cat,71c2375c64.jpg,261,193
cat,72c56919f9.jpg,976,549
cat,730d6a8791.jpg,3072,2048
cat,76273ddb00.jpg,259,194
cat,77dee19720.jpg,257,196
cat,78359cbe21.jpg,225,225
cat,7f923c6676.jpg,990,350
cat,81b58d7d07.jpg,1024,569
cat,83e8a824a2.jpg,1900,831
cat,84db062d1f.jpg,660,373
cat,8aefee4c2c.jpg,225,225
cat,8af49688fa.jpg,275,183
cat,8d88a86d91.jpg,275,183
cat,9293137b5d.jpg,300,168
cat,98470f6918.jpg,378,133
cat,9d21019336.jpg,299,168
cat,9e020b77ac.jpg,299,169
cat,9fd544a838.jpg,1200,630
caterpillar,01ee56d7db.jpg,975,650
caterpillar,057e9fe5b2.jpg,259,194
caterpillar,05f54f4b9c.jpg,1920,1080
caterpillar,061f28e3af.jpg,1000,667
caterpillar,0db5ad156e.jpg,1024,768
caterpillar,0e70de7f25.jpg,266,190
caterpillar,0f43ca915d.jpg,310,163
caterpillar,0f651f75c0.jpg,1200,1200
caterpillar,10a38bcbed.jpg,1200,800
caterpillar,15f1a5e01b.jpg,1600,901
caterpillar,1ac6e9e115.jpg,1500,844
caterpillar,1c8669c4d6.jpg,1200,800
caterpillar,1f67ad9681.jpg,275,183
caterpillar,21b68b5df1.jpg,3200,1801
caterpillar,26d06444c7.jpg,300,168
caterpillar,2b6b4add5b.jpg,259,194
caterpillar,2c50e40a8b.jpg,170,256
caterpillar,2dd74b37fe.jpg,300,168
caterpillar,2e5eac86d9.jpg,1100,618
caterpillar,2f2b464cc6.jpg,1200,443
caterpillar,34db02880e.jpg,1280,976
caterpillar,38a6d42827.jpg,300,168
caterpillar,3deb656a30.jpg,257,196
caterpillar,3e3c787330.jpg,311,162
caterpillar,3e513ad8e6.jpg,640,444
caterpillar,3fec6834ae.jpg,940,400
caterpillar,41bdf5ba27.jpg,2000,1000
caterpillar,44c52c3be2.jpg,300,168
caterpillar,48eac9ee9c.jpg,316,159
caterpillar,4a636d6870.jpg,400,292
caterpillar,4c0626cd31.jpg,1024,659
caterpillar,4c6e63c839.jpg,300,168
caterpillar,4ccbe38098.jpg,276,182
caterpillar,4d0bbbe1f2.jpg,480,319
caterpillar,4e79b3fbec.jpg,275,183
caterpillar,4f787826ad.jpg,1030,580
caterpillar,50ec625b8f.jpg,800,450
caterpillar,52da799ec8.jpg,251,201
caterpillar,5bc772c0bf.jpg,275,183
caterpillar,5c475568d9.jpg,389,129
caterpillar,63b1ce9e8d.jpg,220,229
caterpillar,64d895fa85.jpg,962,1000
caterpillar,6b07eb8e99.jpg,224,225
caterpillar,6bec8d415b.jpg,260,194
caterpillar,6de8684057.jpg,311,162
caterpillar,6e7b37162f.jpg,1494,780
caterpillar,73d9b459ca.jpg,300,168
caterpillar,76f7cd4741.jpg,289,175
caterpillar,7a3c24402a.jpg,300,168
caterpillar,7d02ac39d4.jpg,1024,768
caterpillar,7e94ff74af.jpg,318,159
caterpillar,7f62c0c57a.jpg,1200,400
caterpillar,85b8f4bcf7.jpg,183,275
caterpillar,89eeb3fb5a.jpg,660,346
caterpillar,8c528b7f1a.jpg,1050,450
caterpillar,8ee91b44e0.jpg,768,574
caterpillar,8f898d9281.jpg,1280,720
caterpillar,98ba8cc2ee.jpg,275,183
caterpillar,9b89be4a98.jpg,630,840
caterpillar,9f1188ab7b.jpg,275,183
chimpanzee,00981a3b70.jpg,299,168
chimpanzee,054bb376ed.jpg,1600,1200
chimpanzee,05d9b6ee2b.jpg,1200,1200
chimpanzee,05ffb1984e.jpg,4030,2736
chimpanzee,08a7290f4d.jpg,259,194
chimpanzee,08adb1cc98.jpg,1024,768
chimpanzee,0b30d5c395.jpg,890,534
chimpanzee,0cb5551052.jpg,275,183
chimpanzee,0f933419b4.jpg,300,168
chimpanzee,11fe61ae70.jpg,290,174
chimpanzee,12c23bf9b8.jpg,1920,1080
chimpanzee,12e3711a55.jpg,1024,784
chimpanzee,1b1063f785.jpg,980,980
chimpanzee,1d03d6b46f.jpg,275,183
chimpanzee,1d67a85be8.jpg,1800,1799
chimpanzee,1fb7c985c9.jpg,249,202
chimpanzee,23ccff6b83.jpg,1698,1131
chimpanzee,24a84a90a8.jpg,201,251
chimpanzee,25d2016740.jpg,1200,788
chimpanzee,27ef4ab13d.jpg,700,440
chimpanzee,281af01da9.jpg,300,168
chimpanzee,28d0153bdc.jpg,1280,720
chimpanzee,2a231cf8a1.jpg,275,183
chimpanzee,2cfcde5ead.jpg,960,600
chimpanzee,2d6277e3c3.jpg,277,182
chimpanzee,2f73c07c44.jpg,1665,2220
chimpanzee,32dcf61a3d.jpg,299,168
chimpanzee,338bfaa30b.jpg,275,183
chimpanzee,38c1bc9469.jpg,1400,788
chimpanzee,39e16108e1.jpg,273,185
chimpanzee,40b6b28776.jpg,1600,1067
chimpanzee,41c7c96c92.jpg,890,534
chimpanzee,47c9b0d085.jpg,275,183
chimpanzee,489b21e13f.jpg,290,174
chimpanzee,4a09688fd1.jpg,300,168
chimpanzee,4ebfe2df8e.jpg,3072,3072
chimpanzee,52b631552c.jpg,1280,720
chimpanzee,52d3612c8a.jpg,300,168
chimpanzee,52f01dfff0.jpg,800,649
chimpanzee,59de383d63.jpg,1180,885
chimpanzee,5d934fa43a.jpg,750,421
chimpanzee,5fabe85cb5.jpg,344,146
chimpanzee,6b69e9e2cd.jpg,1095,730
chimpanzee,6cc604e915.jpg,2000,1333
chimpanzee,700d610531.jpg,275,183
chimpanzee,73f45ea23f.jpg,299,168
chimpanzee,76bb0fb386.jpg,300,168
chimpanzee,7e1abb3aa9.jpg,275,183
chimpanzee,80e231dd02.jpg,275,183
chimpanzee,83eb6e13c0.jpg,194,259
chimpanzee,86ae41968d.jpg,750,938
chimpanzee,8bad34ec63.jpg,1600,1296
chimpanzee,8d4f5b7a32.jpg,255,197
chimpanzee,8d5f4ac8a9.jpg,227,222
chimpanzee,8e2552b16f.jpg,794,992
chimpanzee,8fd20d83cc.jpg,303,167
chimpanzee,97ac23148b.jpg,275,183
chimpanzee,9a4c1e2c27.jpg,2560,1920
chimpanzee,9bc949203b.jpg,299,168
chimpanzee,9f1cfcc240.jpg,1140,855
cockroach,01af9577d7.jpg,283,178
cockroach,02f8f69ddc.jpg,600,600
cockroach,03ff929501.jpg,760,480
cockroach,04dcd8aa35.jpg,674,506
cockroach,0661c8f342.jpg,2400,1600
cockroach,0aea14ad46.jpg,250,246
cockroach,0e0176b8d2.jpg,2560,1707
cockroach,128833a387.jpg,275,183
cockroach,134e3b63f4.jpg,514,343
cockroach,1bf78b6cc1.jpg,299,168
cockroach,218f3a3708.jpg,1080,1080
cockroach,22b46e503b.jpg,375,134
cockroach,282848eb9b.jpg,299,168
cockroach,2859c1c82c.jpg,275,183
cockroach,2a90c93477.jpg,690,430
cockroach,321cc17729.jpg,285,177
cockroach,34e755b97b.jpg,768,768
cockroach,355d879b4e.jpg,226,223
cockroach,36b664fbf6.jpg,878,586
cockroach,3b800c50d4.jpg,1280,720
cockroach,3ded9bb960.jpg,600,400
cockroach,3ff6355b91.jpg,300,168
cockroach,40507d5042.jpg,736,350
cockroach,4053abc3b0.jpg,1200,675
cockroach,41a787d5b6.jpg,326,155
cockroach,42cb010423.jpg,1000,563
cockroach,451579fd29.jpg,272,186
cockroach,454fe556e7.jpg,285,177
cockroach,4d0a6f13b4.jpg,267,189
cockroach,4f4da8b7cc.jpg,760,480
cockroach,4f72227f5c.jpg,275,183
cockroach,50a79c35fb.jpg,285,177
cockroach,51b9b6737a.jpg,432,432
cockroach,54881690b7.jpg,600,400
cockroach,551dec40de.jpg,1400,933
cockroach,59bd86e895.jpg,225,225
cockroach,5a882d98c6.jpg,760,480
cockroach,5ac3821fa3.jpg,300,168
cockroach,5b16d8d281.jpg,261,193
cockroach,5f9819c4b1.jpg,1920,675
cockroach,5fb645ea35.jpg,982,726
cockroach,6cbf7d5e6d.jpg,670,503
cockroach,6d93a1a0dd.jpg,480,321
cockroach,6f5e4d9070.jpg,299,168
cockroach,6f651f4292.jpg,600,373
cockroach,722cb41814.jpg,259,194
cockroach,72506a4f2c.jpg,510,382
cockroach,7858d4a09e.jpg,332,152
cockroach,7c54061162.jpg,275,183
cockroach,838915ea25.jpg,1830,1029
cockroach,87a1c6d21d.jpg,1200,800
cockroach,8be08247fc.jpg,275,183
cockroach,92a890f0ec.jpg,283,178
cockroach,9520e001e8.jpg,225,225
cockroach,95f054e62f.jpg,300,168
cockroach,9960fd7a5f.jpg,275,183
cockroach,9a421a3c06.jpg,1200,1200
cockroach,9b832dbf6f.jpg,273,185
cockroach,9d5882a586.jpg,760,480
cockroach,9f837bfa9f.jpg,959,627
cow,05768d38ec.jpg,1280,720
cow,066fdf665a.jpg,1920,1328
cow,098c4da6d0.jpg,600,400
cow,0bc9244dbf.jpg,1200,630
cow,0dc9f0e83d.jpg,310,163
cow,128fc39904.jpg,299,168
cow,129dd77ad8.jpg,900,675
cow,177bc31f99.jpg,225,225
cow,17a29c13f5.jpg,2250,1500
cow,1bdb6f9696.jpg,3900,2600
cow,23d5ae3c7f.jpg,259,194
cow,24df3def2d.jpg,1240,698
cow,2515fc48ed.jpg,620,464
cow,2defbeec7d.jpg,310,163
cow,2f714376e6.jpg,275,183
cow,30e10509da.jpg,259,194
cow,32eae3eecf.jpg,259,194
cow,361e677a43.jpg,960,540
cow,369c4bfa7c.jpg,290,174
cow,3846ac7fae.jpg,1280,853
cow,3a95b92996.jpg,1000,1190
cow,3d64a8f546.jpg,1020,573
cow,3df89aa7cd.jpg,612,408
cow,3e7a900953.jpg,300,168
cow,3ecb859180.jpg,300,168
cow,3f2fba956b.jpg,275,183
cow,3f5c04a48c.jpg,1200,1200
cow,408bb4a1d3.jpg,299,169
cow,46beba7077.jpg,275,183
cow,491e05deef.jpg,1024,597
cow,4c357a6907.jpg,1280,982
cow,4dd710bf1d.jpg,885,600
cow,5d342f46d0.jpg,261,193
cow,6496eb14c0.jpg,275,183
cow,64f159e8ff.jpg,310,163
cow,68087b595a.jpg,4458,3343
cow,6cccda21bb.jpg,1280,720
cow,7c1df0a13a.jpg,2100,1500
cow,7d42f0e881.jpg,2500,1663
cow,7d4b463567.jpg,199,254
cow,7e29f317b0.jpg,1200,803
cow,7e7669cc8a.jpg,1000,665
cow,7ea35b2c27.jpg,298,169
cow,8005f47721.jpg,890,534
cow,80f5e8d84a.jpg,976,549
cow,82f107f486.jpg,261,193
cow,85ebd9b6f4.jpg,200,254
cow,8776f48a39.jpg,225,225
cow,87fd3b8748.jpg,1024,652
cow,88ce8d773f.jpg,299,168
cow,8dc75d04ac.jpg,1280,720
cow,8e5ebe9684.jpg,2000,800
cow,928bda9343.jpg,317,159
cow,95f848d627.jpg,307,164
cow,9640c80f78.jpg,275,183
cow,96decfc0ff.jpg,318,159
cow,987aa8b95e.jpg,266,190
cow,9bf76f7295.jpg,275,183
cow,9c8612ce65.jpg,1200,1200
cow,9d5e9db945.jpg,225,225
coyote,004c3aef03.jpg,1920,1080
coyote,0058a88ed6.jpg,275,183
coyote,030b91da73.jpg,1024,792
coyote,0a151f5c78.jpg,275,183
coyote,0b1ae678e9.jpg,275,183
coyote,0efc08495b.jpg,300,168
coyote,0f21cda153.jpg,275,183
coyote,0ff564b311.jpg,1280,960
coyote,140e11d384.jpg,2500,1413
coyote,162fb4d62e.jpg,1195,797
coyote,185e168504.jpg,2500,1564
coyote,18bf90ba80.jpg,300,168
coyote,1a99ace1fe.jpg,225,225
coyote,1ae720ad3b.jpg,1400,788
coyote,1ce147bf62.jpg,286,176
coyote,1e4417e510.jpg,266,190
coyote,232c360323.jpg,1200,675
coyote,23dcefd769.jpg,243,208
coyote,29a13938a9.jpg,277,182
coyote,2a83af58b0.jpg,275,183
coyote,2b3ff17004.jpg,1400,788
coyote,2c1cc913aa.jpg,275,183
coyote,2dd3390eef.jpg,780,501
coyote,31a15fab2e.jpg,286,176
coyote,33d985771f.jpg,764,432
coyote,35a04ac537.jpg,267,189
coyote,36f0afcd07.jpg,1920,1080
coyote,39d54d730b.jpg,300,168
coyote,39ec92a6f7.jpg,214,236
coyote,3a768f9814.jpg,300,168
coyote,3eb1842a09.jpg,275,183
coyote,42ce2a0e8c.jpg,640,422
coyote,46d2138807.jpg,307,164
coyote,4ebd97228c.jpg,630,630
coyote,4f33c939db.jpg,259,194
coyote,58dc8353c0.jpg,300,168
coyote,5ccaa39d41.jpg,436,480
coyote,5e722e5a91.jpg,274,184
coyote,5ecc7d9008.jpg,880,542
coyote,5fd27b9fe5.jpg,4000,2482
coyote,63f4062ea7.jpg,297,170
coyote,64fd30d622.jpg,770,516
coyote,6d9a76149f.jpg,1600,900
coyote,6e66339f51.jpg,668,445
coyote,79ce7a27bb.jpg,1567,1175
coyote,7a9d8d9c66.jpg,1500,844
coyote,7de3f2ba74.jpg,300,168
coyote,7fd29911ac.jpg,225,225
coyote,81adfb4d78.jpg,800,600
coyote,81f495ab7d.jpg,318,159
coyote,82b0cab95a.jpg,1024,681
coyote,88bdf2941b.jpg,299,169
coyote,8cf5328886.jpg,299,168
coyote,90af12d313.jpg,800,600
coyote,98d7112d0f.jpg,275,183
coyote,98f084e404.jpg,960,594
coyote,99a28cfab0.jpg,1346,1795
coyote,9cefc03068.jpg,800,533
coyote,9d13cf4d60.jpg,1800,1199
coyote,9f1f10fc7b.jpg,225,225
crab,01c3fc5278.jpg,183,275
crab,03a4208397.jpg,700,467
crab,044edccd83.jpg,248,203
crab,0615c19b25.jpg,760,460
crab,0a37acd141.jpg,275,183
crab,0a3d16566f.jpg,900,730
crab,0b8367a031.jpg,1000,1000
crab,0c8b345dc6.jpg,262,192
crab,103bfb5679.jpg,259,194
crab,11c7c6b51e.jpg,1200,675
crab,15a262b4eb.jpg,640,479
crab,15b1fc2157.jpg,1200,900
crab,1de5e32b3e.jpg,225,225
crab,1e2b79379b.jpg,660,372
crab,1eb3673642.jpg,600,445
crab,1f60096138.jpg,1200,675
crab,1f6d2f18af.jpg,720,540
crab,21cfefa411.jpg,225,225
crab,244ef898cd.jpg,1200,628
crab,28a44015b4.jpg,1500,1124
crab,2a017fbee0.jpg,300,168
crab,2ba8cb98d6.jpg,640,640
crab,3bdf0986c4.jpg,224,224
crab,3c63c57a72.jpg,400,400
crab,3d7220b4ea.jpg,261,193
crab,3dcd66a4a7.jpg,299,168
crab,3eda69a7a1.jpg,1440,1573
crab,3efb4f3151.jpg,270,186
crab,48e8eb8c1e.jpg,800,800
crab,497cc8adee.jpg,274,184
crab,4d02dfebb4.jpg,700,500
crab,504a7a0346.jpg,259,194
crab,51cc8c3bc9.jpg,259,195
crab,55b247f3fa.jpg,300,168
crab,56a9e1e52c.jpg,275,183
crab,56ddab436a.jpg,201,251
crab,57f3c20f3e.jpg,339,149
crab,58a0e73fa1.jpg,900,506
crab,5f04912e9e.jpg,1200,675
crab,61b7dcd0ae.jpg,300,168
crab,6bba319305.jpg,1280,720
crab,6cddf4fea1.jpg,4032,2268
crab,70a7d96611.jpg,225,225
crab,7aaa3f657b.jpg,1600,870
crab,7d712e2025.jpg,1600,1710
crab,7f65b9bf02.jpg,311,162
crab,82d357358c.jpg,2288,1712
crab,84c7171790.jpg,225,225
crab,89b1cd7401.jpg,1200,602
crab,8a33efacf4.jpg,299,168
crab,8a8c5babf9.jpg,299,168
crab,8b5424d2ad.jpg,2500,1875
crab,8b62ebe6e2.jpg,600,600
crab,8ca7742d95.jpg,1920,1080
crab,8f2b6ddbf7.jpg,1280,720
crab,8fd3cea7b7.jpg,1120,600
crab,97fe281ca4.jpg,342,147
crab,99bafd36a8.jpg,2000,1180
crab,9b74fbf107.jpg,259,194
crab,9ced152535.jpg,216,233
crow,03c7cea31f.jpg,274,184
crow,06a9c44c55.jpg,291,173
crow,08a181b048.jpg,275,183
crow,08d39d0f4d.jpg,274,184
crow,09cf92f743.jpg,1800,1350
crow,0c1a3fdd20.jpg,183,275
crow,0cfbaa338f.jpg,259,194
crow,197c1012ba.jpg,300,168
crow,1bded6ea70.jpg,231,218
crow,1d15117ae2.jpg,1920,1200
crow,1d586ca67a.jpg,240,210
crow,1ecc081899.jpg,1200,800
crow,259fec3fd7.jpg,1072,720
crow,2c784b864a.jpg,284,177
crow,2caed0387c.jpg,600,450
crow,368b89d59d.jpg,300,168
crow,376fae5ad1.jpg,620,370
crow,378fc98f4f.jpg,1143,1000
crow,3a29010611.jpg,628,460
crow,3bc2b28fdd.jpg,259,194
crow,3d828ee706.jpg,1000,1000
crow,3e8d462116.jpg,300,168
crow,484d3397a2.jpg,2560,1647
crow,495ee7079c.jpg,225,225
crow,4dc054d71e.jpg,1200,900
crow,4dcac6039e.jpg,1200,602
crow,4df1dc7310.jpg,1500,1000
crow,511e0951f8.jpg,1599,1169
crow,5bb0d903fc.jpg,259,194
crow,5bbfea04ef.jpg,259,194
crow,5bd195cf29.jpg,266,190
crow,5e97037a44.jpg,285,177
crow,5feb2100f9.jpg,800,533
crow,607e6e0a8e.jpg,1024,768
crow,61ae3e6346.jpg,880,649
crow,666df1dde7.jpg,271,186
crow,685d6f3c1d.jpg,253,199
crow,6d60806c01.jpg,480,360
crow,6d713ab135.jpg,720,540
crow,6dab0b74ff.jpg,280,180
crow,71aad6f53b.jpg,230,219
crow,720bed337f.jpg,262,193
crow,77fefab966.jpg,310,163
crow,79ecd16df8.jpg,1200,800
crow,7a171dca50.jpg,284,177
crow,7f995e322c.jpg,275,183
crow,7faf24f23c.jpg,220,155
crow,7fc98f7b2a.jpg,300,168
crow,81def64446.jpg,191,264
crow,83ac6b6c8d.jpg,2048,1365
crow,83b28a30aa.jpg,1280,720
crow,85e5dcd314.jpg,300,168
crow,8a6716039b.jpg,1200,900
crow,8b94b5d529.jpg,275,183
crow,94be0c5a37.jpg,259,194
crow,96a3d9dbd7.jpg,299,168
crow,97d6ef43cd.jpg,225,225
crow,98aa731ab3.jpg,1200,675
crow,9d1cf4c0cf.jpg,283,178
crow,9d61244f2a.jpg,275,183
deer,03d871997f.jpg,225,225
deer,03ffd87c9f.jpg,1000,523
deer,06ab7583e7.jpg,284,177
deer,0a540b4342.jpg,986,555
deer,0c53b142f8.jpg,3200,1801
deer,0f25da5a86.jpg,500,500
deer,18eebf095c.jpg,1200,800
deer,1bd462a4d8.jpg,2060,1164
deer,1d4e75e01e.jpg,1680,1200
deer,29e08e7fc1.jpg,800,521
deer,2ac90b7372.jpg,768,479
deer,2afff13ccc.jpg,290,174
deer,2b14e03090.jpg,265,190
deer,2bfd74862a.jpg,259,194
deer,36c8c857a3.jpg,1500,755
deer,36e6c35541.jpg,986,554
deer,3af63d96ba.jpg,1024,415
deer,3d64062237.jpg,259,194
deer,3ed90b1ffb.jpg,976,549
deer,47e15465e6.jpg,2000,1543
deer,49f7fbe0b0.jpg,640,446
deer,4c6992cc69.jpg,1816,1026
deer,4d8f0a4d6f.jpg,275,183
deer,4e2321633e.jpg,300,168
deer,52ad5e98b0.jpg,300,168
deer,5a89ae0b69.jpg,500,300
deer,5c3ecf6b76.jpg,770,513
deer,5db978ce57.jpg,182,276
deer,5f80ee6618.jpg,353,143
deer,5f9fcc0f37.jpg,3072,2157
deer,63e4606329.jpg,259,194
deer,64c2f36152.jpg,1920,1080
deer,64d3e5a6c0.jpg,317,159
deer,65a17edcce.jpg,299,169
deer,66bf4aa93e.jpg,262,193
deer,66c58b431f.jpg,300,168
deer,69ad919c4f.jpg,268,188
deer,6ab943ae35.jpg,1280,720
deer,6b4c626340.jpg,310,163
deer,6bf0b72f45.jpg,275,183
deer,6c359361e8.jpg,268,188
deer,6cbe6369cf.jpg,1001,1500
deer,70e093d09f.jpg,810,540
deer,73ab2632db.jpg,266,190
deer,75af3141fa.jpg,290,174
deer,7a6aa36efe.jpg,1800,1799
deer,7c7343703c.jpg,340,510
deer,7dee0ca20c.jpg,284,177
deer,7e63e28af9.jpg,850,733
deer,82ce24d8fa.jpg,1200,675
deer,8b998cb9ec.jpg,275,183
deer,8d2b10f420.jpg,225,225
deer,8f761983cd.jpg,725,406
deer,9b9cd711f5.jpg,278,181
deer,9bb7e54e3f.jpg,1300,867
deer,9d36044157.jpg,1200,628
deer,9d40c20845.jpg,1200,676
deer,9d9b14520b.jpg,1800,1800
deer,9f755013b4.jpg,225,225
deer,9ff53e6e59.jpg,1920,1920
dog,01c6b7230c.jpg,275,183
dog,024a037366.jpg,754,503
dog,05b151f72d.jpg,275,183
dog,084a6888d7.jpg,259,194
dog,0a73823599.jpg,800,450
dog,0b6670809d.jpg,300,168
dog,0be3797d3d.jpg,2000,1333
dog,0d33157df8.jpg,3024,2329
dog,0df912089d.jpg,275,183
dog,0ff0ba075e.jpg,349,144
dog,17f6784a37.jpg,976,870
dog,1c768b0135.jpg,275,183
dog,1d97824ca1.jpg,1200,801
dog,22f99b4396.jpg,260,194
dog,23c5c07d8d.jpg,1000,869
dog,26c7056eda.jpg,1800,1800
dog,2a74dd288c.jpg,732,549
dog,2a8a6a6050.jpg,194,259
dog,2afd300e67.jpg,275,183
dog,2cfd581819.jpg,275,183
dog,2f0043ea55.jpg,275,183
dog,36c2df0788.jpg,800,533
dog,3f956b8d4c.jpg,300,168
dog,3fb7d7c4ef.jpg,1200,602
dog,41f5881bb6.jpg,275,183
dog,44a1bbc202.jpg,225,225
dog,4aacd195b5.jpg,3760,2820
dog,4db9316411.jpg,300,168
dog,4ddebbca9a.jpg,1280,720
dog,4df813f7f1.jpg,3072,3072
dog,4fdbeb98ad.jpg,640,635
dog,58b4804b9e.jpg,225,225
dog,5c641a8bde.jpg,800,499
dog,5d961159a7.jpg,1800,1199
dog,62ebcbaf99.jpg,1100,1053
dog,63b74efb32.jpg,256,197
dog,6a5c5cce2c.jpg,729,488
dog,6afa462776.jpg,275,183
dog,6be2081479.jpg,1080,447
dog,76bad2abea.jpg,480,319
dog,7a42ed2c8d.jpg,274,184
dog,7a47b70b45.jpg,225,225
dog,7b0c4e73fd.jpg,310,163
dog,7bee213463.jpg,2000,1246
dog,7c43d5ca9e.jpg,1600,1600
dog,7ca88b95e5.jpg,1920,1080
dog,7f45bd0030.jpg,996,832
dog,82a669ccf6.jpg,1200,1200
dog,86ca756626.jpg,2204,1359
dog,87bfbc889f.jpg,225,225
dog,88dcdf1906.jpg,300,168
dog,89af0e8454.jpg,275,183
dog,8c6a936c9a.jpg,300,168
dog,8deb324d92.jpg,310,163
dog,8edafffd38.jpg,1800,1200
dog,9a8262798f.jpg,259,194
dog,9ac386dfb6.jpg,284,177
dog,9aeb8c737b.jpg,1200,675
dog,9bd48a19a4.jpg,1200,1500
dog,9efd18dd6c.jpg,800,825
dolphin,03fbc036a0.jpg,1800,1200
dolphin,05b9d482c1.jpg,225,225
dolphin,0a5b50e05e.jpg,250,201
dolphin,0deef83be9.jpg,700,466
dolphin,0e7f90818b.jpg,1500,1126
dolphin,0eeefa4880.jpg,275,183
dolphin,0ff19a9b77.jpg,275,183
dolphin,10ad43a18d.jpg,215,234
dolphin,15eadebfd3.jpg,3893,2595
dolphin,16eb90e8df.jpg,1920,1080
dolphin,1a716cd8b3.jpg,2291,1199
dolphin,1ca06a9e35.jpg,310,163
dolphin,21f87d8de0.jpg,1200,630
dolphin,24e5de99be.jpg,299,169
dolphin,27d2bc42a2.jpg,2100,1500
dolphin,28dba6a409.jpg,201,251
dolphin,2c8202dc87.jpg,301,168
dolphin,2dab1e3035.jpg,3600,2400
dolphin,2eb0feaa3a.jpg,1280,960
dolphin,2f42a299e9.jpg,2500,1663
dolphin,30fe78ee54.jpg,960,540
dolphin,35bf5a776f.jpg,300,168
dolphin,3c49678251.jpg,225,225
dolphin,3f437ed2f8.jpg,370,136
dolphin,3fb47fda86.jpg,330,412
dolphin,42e2859970.jpg,2269,1282
dolphin,43a30706a2.jpg,1600,1067
dolphin,47d4251df5.jpg,225,225
dolphin,4a50d0bc10.jpg,300,168
dolphin,4a8c89c0a2.jpg,299,169
dolphin,4a9798cec8.jpg,3000,1687
dolphin,4b3779f814.jpg,275,183
dolphin,4bbdcc398e.jpg,669,446
dolphin,4cc653ca8b.jpg,194,259
dolphin,4ccbf05766.jpg,270,187
dolphin,54f3a07925.jpg,324,156
dolphin,58a67204a6.jpg,300,168
dolphin,58ddcecd83.jpg,1600,1200
dolphin,5e52f5e532.jpg,3200,1808
dolphin,66aaecc3f1.jpg,2000,1333
dolphin,6a50aa18cd.jpg,750,500
dolphin,6e01fb1a1b.jpg,275,183
dolphin,72e629253b.jpg,1600,1066
dolphin,73dfd945f8.jpg,1200,632
dolphin,78cf85897b.jpg,768,438
dolphin,7b796f7fea.jpg,2048,1380
dolphin,7ba6fd1fd2.jpg,274,184
dolphin,7cc3758d67.jpg,290,174
dolphin,7f653cb2fc.jpg,275,183
dolphin,8a9ebdfd0b.jpg,1200,445
dolphin,8ac5687ca6.jpg,285,177
dolphin,8e5c1793fd.jpg,300,168
dolphin,8e8ec91d3e.jpg,259,194
dolphin,90c26654b9.jpg,976,549
dolphin,95ca23c5e0.jpg,1024,615
dolphin,9c509aa4d2.jpg,275,183
dolphin,9c555a3801.jpg,1280,720
dolphin,9d3c271770.jpg,2560,1707
dolphin,9e38d0481c.jpg,275,183
dolphin,9ffb640dea.jpg,268,188
donkey,0409cd9133.jpg,301,167
donkey,05ff493297.jpg,300,168
donkey,068da2429f.jpg,1200,700
donkey,074ad5a1e6.jpg,600,600
donkey,07a65ded77.jpg,310,162
donkey,0a0b13d222.jpg,310,162
donkey,0ace398f01.jpg,203,249
donkey,0bb606e8b2.jpg,183,275
donkey,0c752d09fa.jpg,1536,1024
donkey,0dbde9342c.jpg,225,225
donkey,0dfef44672.jpg,300,168
donkey,102a41e311.jpg,827,827
donkey,12f051134a.jpg,512,512
donkey,14f4ea409d.jpg,275,183
donkey,18eaaca1b0.jpg,225,225
donkey,1adacde458.jpg,286,176
donkey,1d0f37aa48.jpg,1600,1064
donkey,1f88532b75.jpg,2643,1750
donkey,1fb1476dd4.jpg,240,210
donkey,1fc72e7b9e.jpg,275,183
donkey,20a162f65c.jpg,2400,1800
donkey,230d4f00d3.jpg,262,193
donkey,28cd511ba8.jpg,276,183
donkey,2c29b90106.jpg,225,225
donkey,2d3df39114.jpg,1920,1439
donkey,2f3b46ef06.jpg,290,174
donkey,32c3dcf316.jpg,289,174
donkey,37a8b91ac8.jpg,299,168
donkey,3a263f15d6.jpg,1200,900
donkey,3a8fc5e677.jpg,275,183
donkey,3ea2e01460.jpg,259,194
donkey,3f4255720e.jpg,1015,571
donkey,400c63b9e5.jpg,982,726
donkey,4c1e6cd5bb.jpg,294,171
donkey,509a68ebcd.jpg,750,500
donkey,52ebd5c3a3.jpg,1200,675
donkey,58d508a8ec.jpg,800,487
donkey,5b1b5f242b.jpg,225,225
donkey,5b37e639d0.jpg,275,183
donkey,5cf859bbf4.jpg,275,183
donkey,5ec3b8303a.jpg,425,488
donkey,68e0a33dbf.jpg,770,595
donkey,69f7798bf6.jpg,1200,742
donkey,6ce77ef8d2.jpg,1100,619
donkey,73d45b4f25.jpg,275,183
donkey,7be95d405b.jpg,300,168
donkey,7c71d5b549.jpg,620,411
donkey,7da246bc99.jpg,259,194
donkey,7fad63ba1e.jpg,1024,683
donkey,84f8a7d634.jpg,1400,845
donkey,8acaacc7a7.jpg,890,534
donkey,8d95dfedfc.jpg,310,163
donkey,91a189eafa.jpg,299,168
donkey,92b4266d7b.jpg,800,590
donkey,92beefc18b.jpg,1080,1080
donkey,92ec6a9100.jpg,608,342
donkey,95b2af165f.jpg,225,225
donkey,97bdca28af.jpg,244,207
donkey,99c9f83443.jpg,259,194
donkey,9bc9697203.jpg,1000,786
dragonfly,03b6bcc9af.jpg,307,164
dragonfly,06c5aa8150.jpg,1887,1415
dragonfly,0a859ff327.jpg,600,338
dragonfly,0e358c4d34.jpg,259,194
dragonfly,1a7a5b1e56.jpg,1600,1095
dragonfly,1dcc415373.jpg,1920,1434
dragonfly,1dd0ed50bf.jpg,1000,562
dragonfly,1f2b3326c7.jpg,341,148
dragonfly,213e8560ca.jpg,820,615
dragonfly,264d564f02.jpg,1200,630
dragonfly,297ff6fdfc.jpg,300,168
dragonfly,2c1e15576b.jpg,299,168
dragonfly,2e165e543f.jpg,311,162
dragonfly,2e999d0909.jpg,800,543
dragonfly,318e520fcd.jpg,1200,800
dragonfly,353bd2bd65.jpg,259,194
dragonfly,3ab0f6337c.jpg,1376,774
dragonfly,3b4b03a30b.jpg,1600,1189
dragonfly,3c48adab2b.jpg,1250,800
dragonfly,3c624bb5ef.jpg,3108,2431
dragonfly,410bb4a408.jpg,310,163
dragonfly,410eef28b3.jpg,604,340
dragonfly,415f71a4b1.jpg,1200,627
dragonfly,454bf57ff8.jpg,860,460
dragonfly,46c4ebb4a1.jpg,259,195
dragonfly,47c1a7d01e.jpg,1200,675
dragonfly,4a03a31194.jpg,1600,1030
dragonfly,4a9fb13118.jpg,299,168
dragonfly,511e57f9cc.jpg,300,168
dragonfly,57a87eab7f.jpg,259,194
dragonfly,59a814fa55.jpg,1200,1200
dragonfly,5b4760a569.jpg,300,168
dragonfly,5b56446e63.jpg,540,377
dragonfly,5f43987881.jpg,480,360
dragonfly,61e9fdcea7.jpg,277,182
dragonfly,62fad70721.jpg,281,180
dragonfly,62fc94b658.jpg,318,159
dragonfly,63ae61c13e.jpg,259,194
dragonfly,65e85f0f7c.jpg,1600,900
dragonfly,6b6f8ffd1c.jpg,259,195
dragonfly,6b87670256.jpg,1200,601
dragonfly,6e98c95123.jpg,348,512
dragonfly,6ea220a558.jpg,216,233
dragonfly,6eb19304a4.jpg,1600,1306
dragonfly,75c87b323c.jpg,1366,900
dragonfly,77df5c2392.jpg,4896,2754
dragonfly,7a32595dde.jpg,311,162
dragonfly,7b60545ae4.jpg,270,187
dragonfly,7e802ae58c.jpg,275,183
dragonfly,7efed4986e.jpg,299,168
dragonfly,7fe3f51cc8.jpg,4000,3009
dragonfly,7ffb63e974.jpg,800,550
dragonfly,8af0cf751a.jpg,890,534
dragonfly,8d5e2a84b5.jpg,1200,627
dragonfly,8e39a0b742.jpg,1600,900
dragonfly,8e982e4846.jpg,275,183
dragonfly,91a1f821fe.jpg,1215,1600
dragonfly,91c500bd0a.jpg,275,183
dragonfly,97ad5a7d81.jpg,1030,580
dragonfly,9a3a335245.jpg,1200,628
duck,039f3a839d.jpg,1440,1080
duck,04cd0e1e8e.jpg,310,163
duck,08ca71d876.jpg,2855,1613
duck,09e31cf939.jpg,718,1024
duck,0d0af5a647.jpg,420,120
duck,163fa33fd9.jpg,226,223
duck,1e6f2cb529.jpg,4854,2742
duck,205a76a4d6.jpg,700,350
duck,24f7e684eb.jpg,700,700
duck,25e76d5a00.jpg,1200,675
duck,2b2467d4f4.jpg,1400,400
duck,2b4b39a80d.jpg,2048,1152
duck,2c34758a8e.jpg,1200,900
duck,2f5f5743fd.jpg,300,168
duck,32c00f990b.jpg,2400,1350
duck,35f1efd625.jpg,2560,1327
duck,37d99057c2.jpg,1080,1080
duck,38c201e062.jpg,310,162
duck,3bfa27f416.jpg,986,554
duck,3d6897e986.jpg,264,191
duck,3e12e9e793.jpg,299,168
duck,3e44fcc8a0.jpg,259,194
duck,3fee593168.jpg,480,360
duck,407a395696.jpg,480,360
duck,42e9952359.jpg,299,169
duck,45a73a3ba6.jpg,620,465
duck,47efa0e9da.jpg,1200,635
duck,49a801682c.jpg,275,183
duck,4a1a1443fa.jpg,1200,630
duck,4b138491ab.jpg,3062,2041
duck,4c056abf02.jpg,4032,3024
duck,4c56ad01a9.jpg,2139,1604
duck,4d42d55198.jpg,289,400
duck,5ce46cd0d9.jpg,1400,933
duck,5ce71f71e4.jpg,1414,1414
duck,66dae587b3.jpg,238,212
duck,68f208b85a.jpg,275,183
duck,69af70ec49.jpg,700,700
duck,6ef5920064.jpg,299,169
duck,6f1b976206.jpg,1050,550
duck,6fd5a961a1.jpg,259,194
duck,70e1547a8c.jpg,1904,1071
duck,72decb40db.jpg,1000,1500
duck,75ef7326e2.jpg,259,194
duck,76cf70f6fc.jpg,191,264
duck,7cbd2de894.jpg,276,183
duck,7d3ed18db8.jpg,275,183
duck,7e3aba17dc.jpg,259,194
duck,86c3e93ded.jpg,284,177
duck,8bbc123f6f.jpg,275,183
duck,8c26ca5802.jpg,225,225
duck,8dad34a400.jpg,640,480
duck,92d38b9aeb.jpg,1200,627
duck,96bb2bd588.jpg,309,163
duck,98ab7e9a76.jpg,289,175
duck,9b3d88e29e.jpg,275,183
duck,9b8163154c.jpg,2121,1414
duck,9b8ce692e8.jpg,2560,1714
duck,9dab5d43d6.jpg,3610,2409
duck,9fa601edc2.jpg,259,194
eagle,0572b4375b.jpg,232,217
eagle,07a8e4b860.jpg,275,183
eagle,07c29966bd.jpg,914,1280
eagle,08bbadef2b.jpg,1600,1128
eagle,0a249855c4.jpg,300,168
eagle,0df14cf243.jpg,800,600
eagle,0e6ba163a7.jpg,772,386
eagle,10fa3b8bce.jpg,259,194
eagle,17becae335.jpg,300,168
eagle,191a78c349.jpg,2048,1490
eagle,19a58feb1a.jpg,1280,1280
eagle,1d28265409.jpg,820,460
eagle,266a244cf3.jpg,276,183
eagle,26df0b7b37.jpg,793,992
eagle,26f6dfabaf.jpg,290,174
eagle,289f0a1c30.jpg,259,194
eagle,29c53bd78f.jpg,225,225
eagle,29e4ace0ab.jpg,318,159
eagle,2bc02045e9.jpg,4000,2200
eagle,30e2e884e7.jpg,800,600
eagle,35ffde6343.jpg,960,540
eagle,3a09b5b8e6.jpg,1400,788
eagle,3ad86776f0.jpg,300,168
eagle,3c6c8999a5.jpg,2000,1333
eagle,3d9345d715.jpg,318,159
eagle,3df1379a57.jpg,1200,627
eagle,3ed0c52621.jpg,275,183
eagle,41c4be609a.jpg,2048,1357
eagle,444ad8726f.jpg,299,168
eagle,455ce6752d.jpg,300,168
eagle,4c6fc22af0.jpg,194,259
eagle,4d66a20f05.jpg,480,360
eagle,4e8e2735c6.jpg,1050,450
eagle,52e90a9ad3.jpg,1200,703
eagle,53e42929e8.jpg,201,251
eagle,571cd0f113.jpg,1000,666
eagle,57ef40346b.jpg,2399,1350
eagle,592e4eb886.jpg,1600,1600
eagle,59bae2a9fb.jpg,303,166
eagle,5c75295aec.jpg,2400,1200
eagle,5c774fc454.jpg,299,169
eagle,5cfdcbf4fb.jpg,1200,800
eagle,62da71f3d9.jpg,1000,1000
eagle,63ca0da7d8.jpg,1140,798
eagle,6c2da64025.jpg,293,172
eagle,6f634d9a5f.jpg,2384,2384
eagle,71ab38b5e4.jpg,256,197
eagle,72a82a8ef0.jpg,1732,1154
eagle,76e6267bec.jpg,900,600
eagle,77e810de96.jpg,1200,1200
eagle,7d6a7c6b38.jpg,275,183
eagle,7e450d85f2.jpg,271,186
eagle,80a338de94.jpg,318,159
eagle,8a3c639a4a.jpg,1500,1000
eagle,8cceb432b8.jpg,1600,900
eagle,8d33099f2f.jpg,283,178
eagle,8fbc2539b4.jpg,311,162
eagle,95b0234f2e.jpg,300,168
eagle,98b0968899.jpg,1920,1080
eagle,9bc9b116a7.jpg,263,191
elephant,032ef781ef.jpg,275,183
elephant,0ac6979eca.jpg,311,162
elephant,0c57e72045.jpg,1400,700
elephant,0e757af2d5.jpg,275,183
elephant,0e81eb0721.jpg,275,183
elephant,0f3f8d6a15.jpg,290,174
elephant,10ee8625c0.jpg,1024,682
elephant,12b9c94601.jpg,2476,1653
elephant,16d29a1dc0.jpg,1600,900
elephant,18d2849164.jpg,2400,1350
elephant,1aac205025.jpg,188,268
elephant,1d84834b1a.jpg,299,168
elephant,23b99fb3bf.jpg,300,168
elephant,24dd5cb3a6.jpg,300,168
elephant,26d834d229.jpg,3648,2053
elephant,27d28e5d8b.jpg,310,163
elephant,27f0f7f555.jpg,275,183
elephant,2c4dcd1d1e.jpg,800,560
elephant,2cb580feff.jpg,926,620
elephant,2efd71c54e.jpg,300,168
elephant,2f3534e28e.jpg,1200,1200
elephant,31c31736c6.jpg,275,183
elephant,3c82e731e0.jpg,800,600
elephant,3c9d9b5adf.jpg,725,1034
elephant,3e526579ed.jpg,275,183
elephant,3eea4b31c6.jpg,400,300
elephant,40dc2cedec.jpg,275,183
elephant,43b74457d1.jpg,1200,675
elephant,48fe954ed2.jpg,1200,630
elephant,4a291fe31f.jpg,1800,1799
elephant,4b0406eb70.jpg,343,147
elephant,4cccdaa27d.jpg,310,163
elephant,4dacf9a3f0.jpg,2880,1228
elephant,4f76a2f076.jpg,2000,1535
elephant,4f7dce13d9.jpg,660,495
elephant,55ec112288.jpg,1440,810
elephant,57ab95b826.jpg,259,194
elephant,5b37e80a84.jpg,300,168
elephant,5c8e73a595.jpg,600,400
elephant,5d7d178594.jpg,256,197
elephant,5e67ac6642.jpg,1360,906
elephant,5edec096c0.jpg,1200,630
elephant,5f9155af55.jpg,300,168
elephant,66ca05ab12.jpg,300,168
elephant,6c28066ea3.jpg,225,225
elephant,6d07c435dd.jpg,225,225
elephant,6d8a9a8f8f.jpg,276,183
elephant,6ecfd5e88c.jpg,1300,732
elephant,6faa7275fd.jpg,276,183
elephant,70c11aab2e.jpg,920,610
elephant,72c584b509.jpg,600,600
elephant,75fefe8441.jpg,183,276
elephant,79fbd8424b.jpg,259,194
elephant,7ff62f898d.jpg,3830,2553
elephant,8a24e8d62a.jpg,183,275
elephant,8c2d171b9d.jpg,1200,900
elephant,8d9950ed68.jpg,275,183
elephant,8ee3b0e5f5.jpg,1200,1200
elephant,9b05a25de1.jpg,2048,1152
elephant,9f23f879e5.jpg,1200,630
flamingo,013f6503e9.jpg,275,183
flamingo,01a80454b4.jpg,259,194
flamingo,0739d9434a.jpg,2972,2100
flamingo,08eafc2179.jpg,1222,1200
flamingo,0966bca0e2.jpg,201,251
flamingo,0a2148e478.jpg,2160,1440
flamingo,0d0e423278.jpg,225,225
flamingo,0fa77c3d20.jpg,320,157
flamingo,10d65f9c2a.jpg,1050,700
flamingo,116d8b3365.jpg,258,195
flamingo,13febcb730.jpg,1200,630
flamingo,1411c2f923.jpg,632,1024
flamingo,1ba8676ddc.jpg,176,286
flamingo,23f58d4351.jpg,267,189
flamingo,253dcc78ef.jpg,299,168
flamingo,2797fff147.jpg,220,229
flamingo,29dc7381e7.jpg,338,149
flamingo,2b0bdefcff.jpg,267,189
flamingo,2bc10a37ae.jpg,752,703
flamingo,2f928f1a1d.jpg,1528,800
flamingo,348e1502f5.jpg,790,349
flamingo,39bdcfa885.jpg,145,348
flamingo,3be84e7e1b.jpg,2602,1724
flamingo,3f3706266e.jpg,299,450
flamingo,44c150d96b.jpg,1259,944
flamingo,45d7167649.jpg,890,594
flamingo,479c797230.jpg,463,280
flamingo,4a47b18f2c.jpg,2122,1415
flamingo,527da02de4.jpg,442,442
flamingo,56f72078bf.jpg,1200,1200
flamingo,59fcdc60cd.jpg,754,515
flamingo,5a57a6d1e0.jpg,275,183
flamingo,5bb5a78f3d.jpg,1356,668
flamingo,5cdef23ba5.jpg,2984,2010
flamingo,62aae1f00a.jpg,531,744
flamingo,63ce71d1c4.jpg,573,1378
flamingo,63ffe74898.jpg,452,700
flamingo,6540f4b7ee.jpg,176,286
flamingo,6a3d93aed7.jpg,3000,3000
flamingo,6c87b27672.jpg,275,183
flamingo,6dc4504d62.jpg,1600,1280
flamingo,6eb12f6bb8.jpg,211,239
flamingo,71a321cc18.jpg,2400,1482
flamingo,7aaf14a721.jpg,275,183
flamingo,7afc600754.jpg,1800,1200
flamingo,7b6ae132ad.jpg,480,360
flamingo,7e051bb999.jpg,259,194
flamingo,7ee3948776.jpg,286,176
flamingo,7f4b4ddfcd.jpg,1600,1065
flamingo,7f65e13615.jpg,275,183
flamingo,826bd2b7f0.jpg,310,163
flamingo,8348fabb9f.jpg,294,171
flamingo,84ff91b9bd.jpg,275,183
flamingo,89b25efc53.jpg,180,280
flamingo,8ad31621cf.jpg,1200,628
flamingo,8b0236976f.jpg,1085,1356
flamingo,8d82cf2252.jpg,1500,1318
flamingo,8fca64441a.jpg,1060,1200
flamingo,90c4097ba7.jpg,1000,584
flamingo,9c1031b4dc.jpg,1200,1386
fly,0107bf9fa0.jpg,600,400
fly,072ea20665.jpg,275,183
fly,07e7c4541b.jpg,1920,2189
fly,0bd467cf2a.jpg,2560,1707
fly,0d1a3fdd51.jpg,271,186
fly,0e191b4289.jpg,926,617
fly,13aa5041f3.jpg,243,207
fly,17dca002d0.jpg,261,174
fly,1e2d2efa9d.jpg,275,183
fly,1fd995dadf.jpg,955,465
fly,21a09ea84e.jpg,310,163
fly,252a1a17dc.jpg,250,201
fly,27b366c663.jpg,1199,941
fly,2b455bb950.jpg,225,225
fly,2b8834aa72.jpg,2000,1434
fly,2c16a76d7d.jpg,1200,627
fly,31ff48d15e.jpg,2156,1485
fly,32f8b8a6eb.jpg,275,183
fly,33f01a9ef6.jpg,275,183
fly,3b5f510774.jpg,344,146
fly,3d52c087a0.jpg,253,199
fly,411a1cb604.jpg,1200,800
fly,425d456372.jpg,760,480
fly,42b0f4b756.jpg,1920,1080
fly,43d0d09927.jpg,768,609
fly,43daa62bc9.jpg,275,183
fly,4ca42849e2.jpg,2000,1225
fly,4da5299c89.jpg,299,168
fly,4e873fbf49.jpg,754,560
fly,546e36c853.jpg,1240,930
fly,54cddbabd1.jpg,1015,675
fly,572cc4cdc9.jpg,318,159
fly,57dbc9ea49.jpg,259,194
fly,5c308a1091.jpg,276,182
fly,5e0d0e7cd0.jpg,311,162
fly,5f5ea4a88e.jpg,924,634
fly,5ff84f30aa.jpg,1280,853
fly,64af5ed63c.jpg,275,183
fly,66e7cf2e32.jpg,760,480
fly,6d7b06532d.jpg,3841,2161
fly,6d9fe24b0a.jpg,960,1078
fly,6e3e3b63fc.jpg,600,600
fly,6ebdafaf48.jpg,2194,1970
fly,74ad950c94.jpg,510,430
fly,75d5692129.jpg,259,194
fly,77ed15a0db.jpg,1200,627
fly,780df42897.jpg,485,364
fly,7b4972fdc3.jpg,259,194
fly,7cfee2abc1.jpg,1000,667
fly,813b861e76.jpg,1200,628
fly,847a8af181.jpg,600,600
fly,84ed4ff72a.jpg,261,174
fly,8a8e418296.jpg,2592,2088
fly,8ad2166eaa.jpg,800,400
fly,99a3c15290.jpg,940,400
fly,99d794e22b.jpg,975,650
fly,9b3f9e6b62.jpg,287,176
fly,9bba90d01d.jpg,460,276
fly,9e02d4be4f.jpg,600,400
fly,9f448f0beb.jpg,285,177
fox,046e05e07b.jpg,1000,660
fox,051c0550cd.jpg,600,300
fox,05d5c1e68f.jpg,275,183
fox,05f072dffb.jpg,275,183
fox,0a9a650a0b.jpg,259,194
fox,0ae0157e0c.jpg,1200,900
fox,0cfb16f2dd.jpg,300,168
fox,0f47a9d345.jpg,976,549
fox,19f72b1098.jpg,2560,1440
fox,1a89f88226.jpg,300,168
fox,1b2b288aa8.jpg,327,154
fox,1befbe965f.jpg,1280,721
fox,21e8d36a33.jpg,1400,934
fox,27c9fd5a6c.jpg,225,225
fox,27eaa1ccdd.jpg,1140,641
fox,2b0f4e95c9.jpg,300,168
fox,2c515129f5.jpg,1000,563
fox,2d70da21cb.jpg,1240,696
fox,2eff70f4f6.jpg,318,159
fox,2f92d49526.jpg,1200,675
fox,32a391f189.jpg,300,168
fox,33faf3477f.jpg,275,183
fox,3ad5e120fa.jpg,183,275
fox,3c1377bd9b.jpg,640,360
fox,3d625f9bf5.jpg,3840,2160
fox,3d89f3103a.jpg,275,183
fox,41b2d066a8.jpg,1400,922
fox,41b324a161.jpg,257,196
fox,44b5622450.jpg,1100,739
fox,49dad2f338.jpg,300,168
fox,4b3e1ebb6b.jpg,299,168
fox,4bac7591c0.jpg,1200,811
fox,4e8b178728.jpg,450,337
fox,4f98c92165.jpg,1200,800
fox,53b4c26601.jpg,2156,1435
fox,57a01ef79d.jpg,262,193
fox,58cd633b39.jpg,384,216
fox,58e1d5a93e.jpg,946,630
fox,5a09f80a3a.jpg,225,225
fox,5ec40607cb.jpg,251,201
fox,5f6e0bdad2.jpg,1020,573
fox,68fa2cb7e0.jpg,219,230
fox,69c5b5725e.jpg,560,670
fox,6b0dc9ab1a.jpg,976,549
fox,6d049ab135.jpg,260,194
fox,6d3ce92c9a.jpg,1200,1200
fox,6d93c39746.jpg,344,146
fox,6e4f9bb366.jpg,300,168
fox,6f36425496.jpg,290,174
fox,6f6b829eef.jpg,1300,867
fox,6f8cc50153.jpg,1640,1025
fox,6faa13ca45.jpg,2500,1667
fox,70ca2955fc.jpg,1000,1000
fox,7ef7525e84.jpg,312,161
fox,7ff48267ad.jpg,1600,1024
fox,8aacf2b3b4.jpg,2814,1583
fox,9b10553454.jpg,620,413
fox,9b77a2be24.jpg,371,136
fox,9dff4eb761.jpg,288,288
fox,9e8313914a.jpg,1200,707
goat,037bf28bc5.jpg,1280,720
goat,08e4894318.jpg,183,275
goat,099fbe0054.jpg,224,224
goat,11b7d83354.jpg,586,420
goat,142b723097.jpg,255,197
goat,16bbc4b4dc.jpg,259,194
goat,16f260ce97.jpg,264,191
goat,1cc23d3752.jpg,259,194
goat,20b5171d15.jpg,1600,1315
goat,22e9010257.jpg,3072,1757
goat,25f2fc1e5a.jpg,3000,1687
goat,2c68c0e54e.jpg,700,525
goat,2d3ddffc1e.jpg,275,183
goat,2e6ccbf085.jpg,225,225
goat,2e7b3347db.jpg,1708,2105
goat,2fb560aa02.jpg,780,520
goat,30d3c289d7.jpg,1920,1484
goat,33ba6bd581.jpg,550,550
goat,39f7c2970a.jpg,1920,1080
goat,3acb463808.jpg,300,168
goat,3be2445a1d.jpg,1280,720
goat,3d7670d847.jpg,299,168
goat,3d87057258.jpg,275,183
goat,3f8b153750.jpg,259,194
goat,44ac9807a8.jpg,1200,1200
goat,451ea62851.jpg,1200,800
goat,4c5d959626.jpg,1024,536
goat,4f21ad4aa0.jpg,328,154
goat,4fa927ae7c.jpg,720,960
goat,50eff9bc37.jpg,1190,1280
goat,52a09a1989.jpg,2500,1667
goat,532f20fef7.jpg,720,960
goat,5b2e5409d4.jpg,259,194
goat,5b83f6bf2a.jpg,300,168
goat,5c5dcd8a22.jpg,251,201
goat,61a01da7a5.jpg,1920,1359
goat,673a73affb.jpg,266,190
goat,67ab4295db.jpg,275,183
goat,6a47498208.jpg,1400,787
goat,6eb6f765a0.jpg,275,183
goat,76cbdee97d.jpg,300,168
goat,78e9d78309.jpg,1000,667
goat,7b295aebeb.jpg,318,159
goat,7b58c86003.jpg,266,190
goat,7e81d556d1.jpg,275,183
goat,7eaec4d97b.jpg,225,225
goat,7ec7f984fb.jpg,275,183
goat,7f04fab8df.jpg,976,569
goat,84b0988e72.jpg,1095,1095
goat,8a217ccfd1.jpg,1200,650
goat,8a6c9e28e6.jpg,275,183
goat,8f421fb06f.jpg,275,183
goat,8f89f4ac94.jpg,506,339
goat,94ac19189f.jpg,336,150
goat,9a5f7038d8.jpg,1024,576
goat,9b5fa1d2fe.jpg,249,203
goat,9d3f4d761f.jpg,267,189
goat,9d6b3cc936.jpg,1600,1068
goat,9f69ab6d45.jpg,300,168
goat,9ffa8a9f5f.jpg,962,641
goldfish,0173d47eb4.jpg,225,225
goldfish,05f378e4f8.jpg,1400,788
goldfish,061b9b6a86.jpg,600,393
goldfish,067a665d84.jpg,640,480
goldfish,08b2897c5e.jpg,2102,2657
goldfish,0b1c90f603.jpg,225,225
goldfish,0b291cfc2c.jpg,1200,1200
goldfish,0caa357518.jpg,2121,1414
goldfish,0f1b7451e2.jpg,296,170
goldfish,0f64464b3d.jpg,275,183
goldfish,0f8280131d.jpg,275,183
goldfish,126f86a601.jpg,200,252
goldfish,12e90fc50b.jpg,1280,851
goldfish,14d491115e.jpg,1496,1480
goldfish,14f969291c.jpg,299,169
goldfish,155fc9d6de.jpg,414,300
goldfish,15fbfec098.jpg,500,500
goldfish,17d0e2aa94.jpg,755,355
goldfish,1a2d84dea4.jpg,1024,768
goldfish,1dfddb7ca4.jpg,273,184
goldfish,23b8f82176.jpg,1000,662
goldfish,23decb1668.jpg,225,225
goldfish,2a95e1b554.jpg,466,350
goldfish,2ff9770317.jpg,800,533
goldfish,322f17ca6d.jpg,500,500
goldfish,32bdcc734b.jpg,800,460
goldfish,37d5f8a585.jpg,236,213
goldfish,39a0749260.jpg,276,183
goldfish,3c1b4f5ad1.jpg,259,194
goldfish,3d79f43dc6.jpg,1200,678
goldfish,3efb5d524d.jpg,290,174
goldfish,3fb1860ef0.jpg,259,194
goldfish,418afe07e6.jpg,352,143
goldfish,426d515dd7.jpg,259,194
goldfish,45b9312946.jpg,225,225
goldfish,4a4d6859cb.jpg,2560,1707
goldfish,4b193011ee.jpg,268,188
goldfish,4c0d7860e9.jpg,980,650
goldfish,51cdbdf5d2.jpg,3333,2740
goldfish,5d920e8140.jpg,1300,1064
goldfish,5da6075262.jpg,225,225
goldfish,5f73d85da8.jpg,289,175
goldfish,5fc76b6be5.jpg,259,194
goldfish,6f861b40ef.jpg,248,203
goldfish,73c812bcd9.jpg,264,191
goldfish,7e0957c35d.jpg,190,265
goldfish,82dfa598a6.jpg,1200,675
goldfish,8aae6285dd.jpg,259,194
goldfish,8ad91a45e1.jpg,259,194
goldfish,8c6b4eabca.jpg,225,225
goldfish,93cf7a70a9.jpg,278,182
goldfish,98b0883129.jpg,304,166
goldfish,98b24c0c93.jpg,2000,2000
goldfish,98efa710a8.jpg,282,179
goldfish,99fdcfd353.jpg,318,159
goldfish,9a1d33c868.jpg,275,183
goldfish,9b9a828ec3.jpg,225,225
goldfish,9bfcb44990.jpg,268,188
goldfish,9dbaf6ebdf.jpg,275,183
goldfish,9eaf0dec03.jpg,300,168
goose,013aff2835.jpg,236,214
goose,01b2629c8f.jpg,369,278
goose,05b82100f6.jpg,1200,791
goose,06bc2c2f26.jpg,1200,1200
goose,0aa5f9fab7.jpg,259,194
goose,0fcf88b965.jpg,183,275
goose,11e099170d.jpg,835,340
goose,12ed97e837.jpg,1600,1106
goose,1866faaddb.jpg,800,1195
goose,1aa6dc989c.jpg,960,827
goose,1d5dd02c76.jpg,1200,804
goose,1e99f305f3.jpg,1920,1080
goose,20f27de164.jpg,194,259
goose,227a1315f3.jpg,259,194
goose,25a6f8bbfd.jpg,642,701
goose,27dad84b5a.jpg,275,183
goose,29b9b4b09e.jpg,300,168
goose,2df88ab3f1.jpg,300,168
goose,2edd560b46.jpg,352,143
goose,2f33d89feb.jpg,276,183
goose,31bd86a5bc.jpg,277,182
goose,31d67b365a.jpg,512,410
goose,32c197032a.jpg,800,1010
goose,342ba7f36e.jpg,1600,1062
goose,34c8787986.jpg,205,245
goose,36ebca7932.jpg,259,194
goose,38abc92e4c.jpg,310,163
goose,3fc7a4d84b.jpg,274,184
goose,46f99283b1.jpg,1015,571
goose,475e26dbb1.jpg,225,225
goose,47acbd1d20.jpg,3072,1727
goose,4a8d574cff.jpg,219,231
goose,503fbd5726.jpg,1600,1200
goose,527aab3127.jpg,1000,667
goose,52ef4616f0.jpg,284,177
goose,552e8d89fc.jpg,1080,719
goose,56ad8d6785.jpg,275,183
goose,5c0f5e202c.jpg,318,159
goose,5ed85f3060.jpg,736,720
goose,610aec8a22.jpg,2501,1563
goose,6b6814c871.jpg,1200,800
goose,6bb8056eaa.jpg,225,225
goose,6cdc373c0b.jpg,299,168
goose,6f60004f86.jpg,275,183
goose,70df634542.jpg,310,163
goose,75e1003b3f.jpg,259,195
goose,793d9efd2e.jpg,935,599
goose,7bf59080b4.jpg,225,225
goose,7d424b006c.jpg,299,169
goose,82da0d8f51.jpg,300,168
goose,836c753936.jpg,1280,720
goose,849ca8c675.jpg,202,250
goose,84aa4e2575.jpg,275,183
goose,8a8b78c84f.jpg,1200,674
goose,8aa7f5afde.jpg,300,168
goose,8e9d609890.jpg,190,266
goose,8fcf7e1d84.jpg,1110,809
goose,927b07227b.jpg,2272,1704
goose,96d7b11056.jpg,1094,717
goose,9b7a0edb40.jpg,835,340
gorilla,010d3131e7.jpg,976,549
gorilla,01a857d803.jpg,2400,1600
gorilla,05fa60f6a6.jpg,800,812
gorilla,060d2a2732.jpg,212,237
gorilla,0a70a1128f.jpg,294,171
gorilla,0f31875d98.jpg,300,168
gorilla,1ad709457f.jpg,650,450
gorilla,1c82894bb8.jpg,300,168
gorilla,22a46f6b32.jpg,208,243
gorilla,24d1abd947.jpg,225,225
gorilla,250ce0a66d.jpg,196,256
gorilla,290fd87d45.jpg,1200,630
gorilla,2d73838c27.jpg,3000,2000
gorilla,2d813d5626.jpg,789,545
gorilla,2f1bcd354e.jpg,260,194
gorilla,2f2014848f.jpg,2560,1440
gorilla,306b36f1b0.jpg,3661,2510
gorilla,33cd8e571b.jpg,1200,794
gorilla,36ba2541c2.jpg,275,183
gorilla,3b0cccc4e1.jpg,2560,1707
gorilla,3b1dca5a52.jpg,800,450
gorilla,3e44e5d6d5.jpg,270,187
gorilla,3f182f7912.jpg,348,348
gorilla,423fc44243.jpg,824,549
gorilla,42e8d22e36.jpg,253,199
gorilla,437a7987af.jpg,194,259
gorilla,4cf5af5b5a.jpg,408,612
gorilla,4d7f3b46aa.jpg,600,400
gorilla,4e538b6362.jpg,600,449
gorilla,56f9d5a04e.jpg,272,185
gorilla,58e2e3194e.jpg,1600,1116
gorilla,59c57ccb96.jpg,2000,1333
gorilla,5b2013bcca.jpg,1760,1745
gorilla,64e6198478.jpg,640,480
gorilla,65ebd4d9cd.jpg,1055,1500
gorilla,69c01f5728.jpg,183,275
gorilla,6c571eb6cc.jpg,1400,1050
gorilla,6c698898f6.jpg,310,163
gorilla,75c0e82e1b.jpg,400,600
gorilla,76a01475c9.jpg,232,217
gorilla,77b0ca299c.jpg,260,194
gorilla,7bac92b151.jpg,275,183
gorilla,7c8e5ebd9a.jpg,2056,1395
gorilla,7d80858fbb.jpg,2560,1707
gorilla,7f630b530a.jpg,300,168
gorilla,80f35aa42a.jpg,1532,1124
gorilla,81dce91ce5.jpg,275,183
gorilla,85da0df8f1.jpg,1280,720
gorilla,89ceb891b6.jpg,1200,1200
gorilla,8b41523b24.jpg,275,183
gorilla,8c6d447198.jpg,1200,630
gorilla,8d56a21408.jpg,320,239
gorilla,92bd5a31ed.jpg,1600,1067
gorilla,96b84b024b.jpg,3000,2001
gorilla,9a2653243f.jpg,310,163
gorilla,9a36f44210.jpg,275,183
gorilla,9b3eb1b866.jpg,1200,900
gorilla,9b5146ebe2.jpg,183,275
gorilla,9f5ecda9fd.jpg,310,163
gorilla,9f6437e647.jpg,300,168
grasshopper,01b471c3e8.jpg,290,174
grasshopper,021affcbac.jpg,1200,525
grasshopper,031d59894d.jpg,1200,628
grasshopper,0b9c21cb8f.jpg,2125,1195
grasshopper,0c650e7668.jpg,560,315
grasshopper,0cdfe9e85a.jpg,311,162
grasshopper,0d4466627b.jpg,259,194
grasshopper,115a4ce081.jpg,275,183
grasshopper,12bead22e8.jpg,921,576
grasshopper,19a8f44101.jpg,862,485
grasshopper,1bc6f842f0.jpg,365,138
grasshopper,1bc8aa7c51.jpg,300,168
grasshopper,1da2943fd7.jpg,480,270
grasshopper,1da4b3fca2.jpg,183,275
grasshopper,1e1949a387.jpg,299,168
grasshopper,1e4a0fa6d8.jpg,1280,720
grasshopper,1fbdcee163.jpg,754,406
grasshopper,23e6d35a72.jpg,600,600
grasshopper,28b0b1116e.jpg,275,183
grasshopper,28c209281e.jpg,2520,1669
grasshopper,2c62406003.jpg,237,213
grasshopper,2cc0922210.jpg,1500,1125
grasshopper,2fde619082.jpg,299,169
grasshopper,30c79c9e9b.jpg,259,194
grasshopper,3a66c85abf.jpg,585,585
grasshopper,3fb3543a45.jpg,300,168
grasshopper,4b85e8e877.jpg,275,183
grasshopper,4d98a94bbf.jpg,600,315
grasshopper,4e9f413a9c.jpg,275,183
grasshopper,50a0fa6bd3.jpg,3008,1699
grasshopper,50b8ec39f7.jpg,3072,2304
grasshopper,55e742e0d3.jpg,1000,667
grasshopper,5a6ccc47cc.jpg,225,225
grasshopper,5be4aca2ad.jpg,1024,683
grasshopper,5d3e08a042.jpg,1200,675
grasshopper,5e675f5203.jpg,1200,630
grasshopper,61e62bf23a.jpg,1200,627
grasshopper,6b1d9082ce.jpg,300,168
grasshopper,6deb3c335e.jpg,835,340
grasshopper,6ecae48713.jpg,620,496
grasshopper,6f467da592.jpg,300,168
grasshopper,6fb809ad0e.jpg,300,168
grasshopper,76bd8c7837.jpg,732,549
grasshopper,76ccdf2124.jpg,1100,735
grasshopper,76d46c5f1c.jpg,890,501
grasshopper,7a108603cd.jpg,275,183
grasshopper,7b9f3d9464.jpg,1765,670
grasshopper,7c28f64ef4.jpg,282,178
grasshopper,7ca4e96562.jpg,352,143
grasshopper,7cbb6ecd6a.jpg,1200,751
grasshopper,7df2a93bd2.jpg,1411,1411
grasshopper,7e6078d223.jpg,292,173
grasshopper,7eddfbe478.jpg,259,194
grasshopper,81a54a4110.jpg,264,191
grasshopper,83b4c33f9e.jpg,512,459
grasshopper,84bc559f9e.jpg,310,163
grasshopper,8a5346c76f.jpg,275,183
grasshopper,8c07caaf70.jpg,2000,1335
grasshopper,94cdc3e11a.jpg,273,185
grasshopper,9c40750ac0.jpg,890,534
hamster,016f41b537.jpg,299,168
hamster,01ab2d2ea6.jpg,735,489
hamster,01f85cb5e7.jpg,225,224
hamster,03a3344ac2.jpg,1000,562
hamster,045cbeda60.jpg,1200,783
hamster,05c6ffa457.jpg,1000,668
hamster,06c29a3097.jpg,299,168
hamster,091db5a923.jpg,850,567
hamster,0b7144c9b4.jpg,275,183
hamster,0e134e9f3d.jpg,1118,602
hamster,15ead1d88a.jpg,1200,900
hamster,165fd579e3.jpg,1200,660
hamster,1a3b2c9932.jpg,259,194
hamster,1a65225bee.jpg,350,144
hamster,20c5fd3a02.jpg,294,171
hamster,228b48d17d.jpg,266,190
hamster,26ecf74775.jpg,319,158
hamster,2850e478a3.jpg,1280,720
hamster,29c1e9e4b9.jpg,251,201
hamster,2cbf7685c4.jpg,278,181
hamster,2da969fdfc.jpg,1024,590
hamster,2e9dd3ccac.jpg,4089,2300
hamster,30ee5e2148.jpg,850,568
hamster,318c8155ea.jpg,275,183
hamster,34655aeccc.jpg,300,168
hamster,35b53a729c.jpg,900,488
hamster,39ebcd95c3.jpg,276,183
hamster,3a97d032fe.jpg,992,744
hamster,3ff60d8ead.jpg,2000,2000
hamster,4210cd191f.jpg,700,525
hamster,43707be301.jpg,2000,2000
hamster,4ab488bbec.jpg,267,189
hamster,4b54fc2b7f.jpg,263,191
hamster,4c1639afef.jpg,248,203
hamster,4df4063c06.jpg,300,168
hamster,4f39eea38f.jpg,530,530
hamster,51f56700ba.jpg,300,168
hamster,5902527a48.jpg,4364,3273
hamster,5e38d7cae6.jpg,1170,580
hamster,5e564de49a.jpg,950,633
hamster,61e3d9f4e2.jpg,225,225
hamster,63c6a56acb.jpg,1000,819
hamster,650814e0da.jpg,585,585
hamster,6976a8bca9.jpg,274,184
hamster,6ce5bc2b3d.jpg,1000,727
hamster,721b4a1a21.jpg,300,168
hamster,74a480fe21.jpg,640,638
hamster,833ebc903f.jpg,295,171
hamster,864cc994ef.jpg,259,194
hamster,8799b11abc.jpg,660,372
hamster,8b8af1610a.jpg,636,636
hamster,8d20de1743.jpg,897,633
hamster,909a45da59.jpg,890,534
hamster,90a9968b1d.jpg,2848,2848
hamster,91c2e2aa37.jpg,226,223
hamster,9664c69a5a.jpg,325,322
hamster,9b650c0cf5.jpg,275,184
hamster,9e8e16bdd7.jpg,2304,3072
hamster,9eb30c93e8.jpg,275,183
hamster,9eb53e617e.jpg,225,225
hare,01d3d9ad9a.jpg,275,183
hare,042a0b5233.jpg,300,168
hare,056fd9df3e.jpg,2048,1536
hare,05fdb49161.jpg,257,196
hare,07d41bb713.jpg,432,269
hare,084a64267c.jpg,1600,1074
hare,11e44ac76f.jpg,1200,800
hare,12a1bfa759.jpg,279,180
hare,18f7f65b42.jpg,194,259
hare,1ea309c164.jpg,1200,1200
hare,1f20ad9df2.jpg,1520,752
hare,22e3965680.jpg,1024,1024
hare,29d9dd26de.jpg,540,360
hare,2aa2a622ba.jpg,1200,627
hare,2adad2224c.jpg,750,600
hare,2b0bcfc582.jpg,300,168
hare,2b2f9828c9.jpg,855,570
hare,2bd1b0375d.jpg,316,160
hare,2c5664872f.jpg,1000,848
hare,2e6376db03.jpg,260,194
hare,322fd5cf0c.jpg,1920,1292
hare,32dc384e72.jpg,480,270
hare,33f92fdda6.jpg,208,242
hare,36e6220cf5.jpg,2101,1414
hare,38e360ba22.jpg,976,549
hare,39ad28484c.jpg,194,260
hare,39e806591d.jpg,177,285
hare,39f160ef89.jpg,259,194
hare,3c16cbdbd0.jpg,259,194
hare,3dc8c64dbd.jpg,1200,800
hare,3f6c914c83.jpg,225,225
hare,3f814cc7c6.jpg,282,179
hare,41ad954858.jpg,225,225
hare,41fc953f8d.jpg,2000,2000
hare,43f4d1e2e5.jpg,620,413
hare,4aa4321e68.jpg,275,183
hare,4b3f086407.jpg,758,635
hare,4c9b264947.jpg,1200,775
hare,4da241924a.jpg,276,183
hare,4dae6b6e2f.jpg,500,334
hare,5f24a9f34d.jpg,1200,900
hare,5fd47836a6.jpg,1200,900
hare,66cd12c754.jpg,960,1546
hare,6d7b2d4edd.jpg,300,168
hare,6de44dc813.jpg,269,187
hare,74e2569633.jpg,1000,1000
hare,78c72805ac.jpg,270,187
hare,7a5ccd3580.jpg,1940,1289
hare,7c5a1ddd35.jpg,605,661
hare,7fa0f3328a.jpg,1280,768
hare,81c01a9188.jpg,284,177
hare,83b1c6bc53.jpg,272,185
hare,83ede67a4d.jpg,284,177
hare,86de19863e.jpg,297,170
hare,89c9c4dcdb.jpg,480,319
hare,8f2eb4f73e.jpg,275,183
hare,8f36a724c0.jpg,768,574
hare,93b912564c.jpg,275,183
hare,9d8a2f1929.jpg,940,529
hare,9fb0fb741e.jpg,684,918
hedgehog,037fda7d6a.jpg,2119,1192
hedgehog,0427cbb533.jpg,270,187
hedgehog,0a7794fa59.jpg,225,225
hedgehog,0b7a9869c6.jpg,960,540
hedgehog,13d5266d04.jpg,1200,1200
hedgehog,17bfa9843e.jpg,259,194
hedgehog,1b178ad0cf.jpg,300,168
hedgehog,1eefcfdbeb.jpg,275,183
hedgehog,1fdc0e3d58.jpg,2048,1332
hedgehog,209aa111fd.jpg,1280,853
hedgehog,22e640bc78.jpg,275,183
hedgehog,27ba879f67.jpg,1920,2400
hedgehog,28a08b0b7a.jpg,2121,1414
hedgehog,2c2dcab4bd.jpg,225,225
hedgehog,2c963ee3aa.jpg,1200,603
hedgehog,2ce1bb2d31.jpg,1024,683
hedgehog,2f703f4099.jpg,317,159
hedgehog,32ecce8ad4.jpg,225,224
hedgehog,361b8f608c.jpg,260,194
hedgehog,368b6113e4.jpg,318,159
hedgehog,3a20b11532.jpg,265,190
hedgehog,3bf3994477.jpg,624,351
hedgehog,3d185c217b.jpg,310,162
hedgehog,44f26242cd.jpg,300,168
hedgehog,457bea7ad9.jpg,256,197
hedgehog,4c968760eb.jpg,570,858
hedgehog,56c6cfda7f.jpg,615,370
hedgehog,56dd69f4f7.jpg,900,600
hedgehog,59ec0cdb49.jpg,183,276
hedgehog,5b7f0e0c31.jpg,4201,2801
hedgehog,5d13f1872c.jpg,828,466
hedgehog,5d77748cea.jpg,243,207
hedgehog,5ea0fd160e.jpg,2048,1416
hedgehog,5ebc5a6f48.jpg,3541,3541
hedgehog,61c91db155.jpg,755,755
hedgehog,64a39121cd.jpg,259,194
hedgehog,68ff0c6f8f.jpg,201,251
hedgehog,6a3a8ae765.jpg,1920,1277
hedgehog,6a3f9ff007.jpg,275,183
hedgehog,6cb2744f5a.jpg,2880,1228
hedgehog,6d36796385.jpg,2400,1600
hedgehog,73c4babf28.jpg,377,134
hedgehog,74f59350e6.jpg,940,529
hedgehog,78c30aafa8.jpg,259,194
hedgehog,7a4d56b36b.jpg,700,467
hedgehog,7b272f34f8.jpg,432,269
hedgehog,7b58e752e9.jpg,310,163
hedgehog,7b6736369f.jpg,317,159
hedgehog,86e47a6093.jpg,259,194
hedgehog,87c66fb1f6.jpg,1200,800
hedgehog,8ccacacd06.jpg,1200,800
hedgehog,8dff86186c.jpg,183,275
hedgehog,8f388613a6.jpg,275,183
hedgehog,93d2538527.jpg,290,174
hedgehog,96a442d710.jpg,335,285
hedgehog,99c5d93908.jpg,960,1281
hedgehog,9a8fdcf1c7.jpg,275,183
hedgehog,9ae1fade83.jpg,225,225
hedgehog,9d4c7836b2.jpg,259,194
hedgehog,9e973d9a1a.jpg,1888,2048
hippopotamus,004d703f95.jpg,768,574
hippopotamus,06c499b4c7.jpg,348,145
hippopotamus,09fa362bae.jpg,259,194
hippopotamus,0a34b0ad96.jpg,344,146
hippopotamus,0b9b81c562.jpg,271,186
hippopotamus,0dc527d87a.jpg,1276,718
hippopotamus,13b81ad1e5.jpg,262,192
hippopotamus,155b2f1ea7.jpg,275,183
hippopotamus,19e696bdd2.jpg,275,183
hippopotamus,249c4bdbcf.jpg,4340,3255
hippopotamus,285ae4d5ae.jpg,275,183
hippopotamus,28e667eed3.jpg,1300,956
hippopotamus,2afb051ee4.jpg,259,194
hippopotamus,2b75b8692d.jpg,1200,800
hippopotamus,2c6bb4dac1.jpg,636,423
hippopotamus,2c72c1f82e.jpg,284,177
hippopotamus,2e6891828e.jpg,275,183
hippopotamus,339c1cb20f.jpg,350,234
hippopotamus,344bc44445.jpg,275,183
hippopotamus,352ff7ddf5.jpg,828,466
hippopotamus,37b40c12fd.jpg,1280,852
hippopotamus,397ea731e6.jpg,292,173
hippopotamus,3b51b03f5b.jpg,201,251
hippopotamus,3b52864adc.jpg,201,251
hippopotamus,3de89e10a3.jpg,1000,659
hippopotamus,3eb7d14c53.jpg,2560,1707
hippopotamus,3f0a386e84.jpg,297,169
hippopotamus,3ffb781083.jpg,275,183
hippopotamus,4a5a9888a9.jpg,2400,1600
hippopotamus,4ba6ebbc29.jpg,1200,900
hippopotamus,4dab5822aa.jpg,2880,1228
hippopotamus,4df9373d8e.jpg,260,194
hippopotamus,56f6fcf8e5.jpg,1400,1400
hippopotamus,58ebe76177.jpg,636,423
hippopotamus,5b0a8b4cf1.jpg,1240,998
hippopotamus,5bbec0931a.jpg,275,183
hippopotamus,5e05cbb066.jpg,425,376
hippopotamus,5e19dba405.jpg,225,225
hippopotamus,623ac25244.jpg,250,201
hippopotamus,688b660af2.jpg,276,183
hippopotamus,6a06b2df96.jpg,300,168
hippopotamus,6a265aed57.jpg,512,384
hippopotamus,6acbb05404.jpg,1024,1024
hippopotamus,6b1fb556f3.jpg,285,177
hippopotamus,72d06e3e9c.jpg,960,540
hippopotamus,78fc6fc1f4.jpg,1600,1067
hippopotamus,7e2d77b783.jpg,266,190
hippopotamus,7ef505c40c.jpg,2560,1221
hippopotamus,7f39c29eb4.jpg,1300,956
hippopotamus,7fefda156b.jpg,1024,573
hippopotamus,811a013e2e.jpg,275,183
hippopotamus,85eb737ef6.jpg,275,183
hippopotamus,8b4517fe71.jpg,1200,800
hippopotamus,8b474f0900.jpg,3072,1728
hippopotamus,8db6ef3bbd.jpg,630,410
hippopotamus,94d809b1f6.jpg,850,557
hippopotamus,99aca21901.jpg,800,800
hippopotamus,9d5814dc9f.jpg,540,614
hippopotamus,9f84c471d4.jpg,1600,753
hippopotamus,9faaacdd5f.jpg,1920,1276
hornbill,000ef44b56.jpg,301,167
hornbill,03b96d9f29.jpg,293,172
hornbill,0a3f40dad0.jpg,772,431
hornbill,0bacaff531.jpg,2280,1120
hornbill,0e3da69e47.jpg,229,220
hornbill,0e821633a5.jpg,500,377
hornbill,0fb432e9ca.jpg,300,168
hornbill,0fdd280371.jpg,272,185
hornbill,12abae6ede.jpg,196,258
hornbill,165c444b7a.jpg,236,214
hornbill,197a1a99eb.jpg,281,179
hornbill,1b7238b986.jpg,1364,2048
hornbill,1cbf732910.jpg,400,300
hornbill,1d10bafb30.jpg,1800,1350
hornbill,21b881955e.jpg,184,274
hornbill,23fd35dccc.jpg,194,259
hornbill,2a48dce95b.jpg,305,165
hornbill,2c7e538be5.jpg,275,183
hornbill,2e6ca89442.jpg,275,183
hornbill,2eb8f24aa9.jpg,1368,462
hornbill,2f9d477366.jpg,275,183
hornbill,33e136d4dc.jpg,259,195
hornbill,34b59845f5.jpg,268,188
hornbill,36c6fb7604.jpg,220,147
hornbill,3aa6ae4d73.jpg,1112,834
hornbill,3d3afbd78d.jpg,1024,698
hornbill,3ea8fb1ece.jpg,800,702
hornbill,40fe0dd41d.jpg,1067,1600
hornbill,4d7e0f999a.jpg,300,168
hornbill,4e9c87533b.jpg,799,730
hornbill,51a0d81e01.jpg,259,194
hornbill,51d2630254.jpg,318,159
hornbill,5b51516f06.jpg,368,545
hornbill,5bfb6e3dcf.jpg,1780,1001
hornbill,5cc680edb5.jpg,225,225
hornbill,5f09f13ebf.jpg,183,275
hornbill,5f32f6e773.jpg,1000,667
hornbill,60f41f127f.jpg,200,252
hornbill,61ad75167d.jpg,225,224
hornbill,62a490b63f.jpg,750,500
hornbill,68d0db3e31.jpg,282,179
hornbill,69c10b2e7b.jpg,1920,1080
hornbill,6bc275c92e.jpg,275,183
hornbill,6d9b152646.jpg,250,315
hornbill,6f41b4ee68.jpg,767,767
hornbill,75c5a7ef88.jpg,1100,550
hornbill,78e5d1554d.jpg,300,168
hornbill,79f0b8db52.jpg,300,168
hornbill,7a7d8f2c60.jpg,851,773
hornbill,7ae7376f40.jpg,201,251
hornbill,7b247afd37.jpg,244,207
hornbill,7fd7d1d677.jpg,1400,840
hornbill,7fdfd2bd08.jpg,1210,680
hornbill,87fdb5fd70.jpg,360,450
hornbill,8b75e71eb3.jpg,680,1023
hornbill,8e61197d4d.jpg,600,800
hornbill,93b1269b71.jpg,320,240
hornbill,97db389088.jpg,850,634
hornbill,9a3628b062.jpg,600,336
hornbill,9f62378550.jpg,324,155
horse,0428fff264.jpg,3072,2055
horse,043c1a0785.jpg,1200,675
horse,04e3436924.jpg,284,177
horse,08c260b0b4.jpg,1944,828
horse,0b4957c78a.jpg,1200,762
horse,0be9a6ba0c.jpg,275,183
horse,0cb5f18d0b.jpg,1200,813
horse,0f674003cf.jpg,800,832
horse,0f77c9f912.jpg,344,146
horse,12ca1c4d99.jpg,311,162
horse,12ff1822cc.jpg,1196,1200
horse,169c1bbbea.jpg,920,678
horse,16db12d247.jpg,450,350
horse,173a7ce74e.jpg,686,480
horse,1ea2e9e1da.jpg,940,400
horse,20c5419b6b.jpg,1200,1200
horse,22e62e88ac.jpg,300,168
horse,29a9b70630.jpg,298,169
horse,2c68ed34b1.jpg,308,164
horse,2e1937ab5b.jpg,1926,1086
horse,2ee4211382.jpg,299,168
horse,35ea604665.jpg,1200,800
horse,393dd791e0.jpg,183,275
horse,3b009d95f0.jpg,931,524
horse,41f3fc188d.jpg,1500,1138
horse,46de282eae.jpg,273,185
horse,49b904bb7b.jpg,251,201
horse,4b645b5ff4.jpg,688,516
horse,517fe194b9.jpg,275,183
horse,5b4a686fdc.jpg,700,467
horse,5c0bc27f04.jpg,1356,668
horse,5d8185d3ef.jpg,3865,2174
horse,60ef72d53c.jpg,275,183
horse,616a7424e4.jpg,1299,941
horse,670fcd5719.jpg,1200,800
horse,6e4eec5100.jpg,268,188
horse,72bd14e805.jpg,282,179
horse,72c7b5ca0b.jpg,1200,900
horse,72fab2ffef.jpg,230,220
horse,74d3926a78.jpg,1140,500
horse,77d7506ce4.jpg,259,194
horse,79ae38e93a.jpg,1200,800
horse,79cc2810e5.jpg,1200,675
horse,7adafe8448.jpg,784,523
horse,7aee40b5b7.jpg,620,349
horse,831b98d254.jpg,1256,835
horse,84e0c0bd9b.jpg,262,193
horse,85c38fc8e1.jpg,1240,698
horse,8c10e7ab82.jpg,392,128
horse,8c307b1226.jpg,259,194
horse,8c9f6aadda.jpg,275,183
horse,8d296dbe0a.jpg,2500,1667
horse,8eba3c008c.jpg,324,156
horse,92b2ac86ed.jpg,2121,1193
horse,94a7815736.jpg,320,157
horse,9a4e3fd565.jpg,976,549
horse,9baac95cd3.jpg,225,225
horse,9be807ffb0.jpg,300,168
horse,9c3b0ff68e.jpg,339,149
horse,9e582527a8.jpg,1280,720
hummingbird,00d1730748.jpg,238,212
hummingbird,0270c3f8fb.jpg,300,168
hummingbird,02d0664b65.jpg,275,183
hummingbird,0419c2273b.jpg,575,719
hummingbird,046ec0be71.jpg,640,427
hummingbird,04e5e18a15.jpg,241,209
hummingbird,05eaa2225b.jpg,768,574
hummingbird,0b22b7df75.jpg,260,194
hummingbird,0bfdef5725.jpg,259,194
hummingbird,0cb2e8198a.jpg,2400,1876
hummingbird,0d504e0764.jpg,1183,887
hummingbird,0eb993eaa0.jpg,300,168
hummingbird,0ed0e90477.jpg,960,500
hummingbird,0f67ffd92d.jpg,1500,1200
hummingbird,14e450f623.jpg,277,182
hummingbird,152cc25de7.jpg,504,336
hummingbird,159aa872d1.jpg,275,183
hummingbird,15da1a9a1c.jpg,936,1024
hummingbird,16cf6e5daa.jpg,259,194
hummingbird,1b58ee99b6.jpg,311,162
hummingbird,1b8db39660.jpg,259,194
hummingbird,1f45393ed8.jpg,1280,960
hummingbird,232faf3c0d.jpg,394,394
hummingbird,255dc31008.jpg,300,168
hummingbird,2cd301c395.jpg,1500,1104
hummingbird,2cf260acb0.jpg,201,251
hummingbird,2dc1bc34f0.jpg,269,188
hummingbird,2fbb266598.jpg,556,397
hummingbird,3abc16f69b.jpg,1920,1265
hummingbird,3ac0eb17a1.jpg,318,159
hummingbird,3c7a45950d.jpg,183,275
hummingbird,3d3e6ec8f0.jpg,1600,1186
hummingbird,435bb7dcd9.jpg,600,900
hummingbird,4c5a4ed33d.jpg,352,143
hummingbird,4dbd027a75.jpg,271,186
hummingbird,5b663726ec.jpg,1621,1411
hummingbird,5e4cb50b7c.jpg,1400,1050
hummingbird,5f0a735af6.jpg,800,500
hummingbird,5f12fa741e.jpg,880,586
hummingbird,66c033e405.jpg,1600,1067
hummingbird,68e2d1a69e.jpg,2048,3072
hummingbird,6c21891a6f.jpg,1024,821
hummingbird,76ce02d877.jpg,275,183
hummingbird,76dd09d47a.jpg,294,171
hummingbird,78cb654298.jpg,307,164
hummingbird,7b3a2c2ece.jpg,640,360
hummingbird,7b5d90411d.jpg,259,194
hummingbird,7c70938638.jpg,1099,733
hummingbird,7f96565dc1.jpg,251,201
hummingbird,83cb04c836.jpg,311,162
hummingbird,89b89587a9.jpg,300,168
hummingbird,8acfbb76a1.jpg,800,428
hummingbird,8c20e9b7e7.jpg,616,411
hummingbird,8db010d774.jpg,800,600
hummingbird,8ee0faaeb7.jpg,1280,720
hummingbird,93fa29b047.jpg,268,188
hummingbird,96c2bce885.jpg,1500,844
hummingbird,9a4bef78e0.jpg,201,251
hummingbird,9b67da4908.jpg,945,630
hummingbird,9f2bebc551.jpg,1920,1173
hyena,0041c9ff2c.jpg,4320,3240
hyena,0589f22ce2.jpg,395,260
hyena,06af702c74.jpg,318,159
hyena,089f3566db.jpg,259,194
hyena,0a66dde6c8.jpg,275,183
hyena,0a8625b384.jpg,276,183
hyena,0c258bdcbe.jpg,276,183
hyena,0c6221bc77.jpg,1080,720
hyena,0c6e50a236.jpg,201,251
hyena,0d3a02b824.jpg,1024,683
hyena,0dd96e5d44.jpg,800,600
hyena,0ec0d8a1dd.jpg,275,183
hyena,0f1df66808.jpg,277,182
hyena,0fa6e037e4.jpg,1100,734
hyena,103ac145e4.jpg,1920,1510
hyena,13fae1e808.jpg,1400,2500
hyena,18f616215c.jpg,2000,2800
hyena,1a24a5baea.jpg,2400,2256
hyena,1dc8f1229c.jpg,1200,900
hyena,1e3e222414.jpg,275,183
hyena,20ea8b54a7.jpg,1028,579
hyena,23ff9495c0.jpg,2121,1193
hyena,264ed453e0.jpg,310,162
hyena,269a595b17.jpg,300,168
hyena,28a9548e96.jpg,275,183
hyena,29f9493dc2.jpg,1600,900
hyena,2a27e57fa6.jpg,1320,875
hyena,2a99170a1b.jpg,261,193
hyena,33d8edb88f.jpg,300,168
hyena,3cf96b3ebc.jpg,940,400
hyena,3d9e1aad25.jpg,225,225
hyena,435fca2001.jpg,300,168
hyena,4fd14b53af.jpg,290,174
hyena,4fed6df896.jpg,300,168
hyena,552c708b50.jpg,201,251
hyena,572e7fc508.jpg,275,183
hyena,57e408bd87.jpg,1200,900
hyena,58ad4b9ce1.jpg,1920,900
hyena,5b4833d127.jpg,194,259
hyena,5cebeacdcf.jpg,275,183
hyena,5fc518d5ce.jpg,1024,768
hyena,6bb02d00d0.jpg,828,466
hyena,6dc20c20ba.jpg,1920,1080
hyena,728ee1b147.jpg,344,146
hyena,735e4ca855.jpg,3840,2160
hyena,736c87053b.jpg,259,194
hyena,73a364efd9.jpg,275,183
hyena,778a431a74.jpg,1600,1073
hyena,77fd16b62c.jpg,1346,1224
hyena,780a991499.jpg,280,180
hyena,78f6473814.jpg,300,168
hyena,7b1c4646f9.jpg,275,183
hyena,7d2cb83163.jpg,2047,3072
hyena,7f8140f387.jpg,299,168
hyena,805cdf2a8d.jpg,1024,640
hyena,8d098686f6.jpg,328,154
hyena,8daf3bf479.jpg,624,351
hyena,8f439e28df.jpg,1200,800
hyena,8fb4248800.jpg,1500,1145
hyena,9a4f9f93d0.jpg,2000,1333
jellyfish,05b20e2efa.jpg,1350,790
jellyfish,0b838b92d4.jpg,300,168
jellyfish,0bd81c820d.jpg,284,177
jellyfish,0cc3c3606e.jpg,1200,1200
jellyfish,0d7f9ce090.jpg,275,183
jellyfish,0dff185710.jpg,287,176
jellyfish,185e24182c.jpg,194,259
jellyfish,1c8f6d10f9.jpg,299,169
jellyfish,1d831c5733.jpg,199,253
jellyfish,1dcd0a0629.jpg,2252,1542
jellyfish,1e9deb52a0.jpg,480,270
jellyfish,1fcf053a00.jpg,660,372
jellyfish,2a07ed0ab4.jpg,254,199
jellyfish,2a91fc6ffe.jpg,225,225
jellyfish,2d91eb20e6.jpg,1280,854
jellyfish,2e5b9eacab.jpg,636,358
jellyfish,2f02b7148c.jpg,1155,648
jellyfish,3b48327f79.jpg,275,183
jellyfish,3cf5be5e24.jpg,1200,800
jellyfish,3e0b5e1f51.jpg,212,237
jellyfish,4b2d1bf5a1.jpg,1024,681
jellyfish,4c3d9fdb50.jpg,275,183
jellyfish,4d417b614e.jpg,276,183
jellyfish,4d8d4f7dd9.jpg,281,180
jellyfish,57ea7d5485.jpg,1275,717
jellyfish,57f66772b8.jpg,1300,734
jellyfish,65bebe7e77.jpg,864,575
jellyfish,6a0dd935c1.jpg,275,183
jellyfish,6a77b30bd8.jpg,768,574
jellyfish,6a865fb770.jpg,300,168
jellyfish,6b5bcb9fa9.jpg,720,450
jellyfish,6b7f12c98c.jpg,290,174
jellyfish,6e71da9494.jpg,900,600
jellyfish,6e9dbc5422.jpg,2800,1575
jellyfish,6f05ba9ad7.jpg,275,183
jellyfish,6fad641295.jpg,316,160
jellyfish,71fb268e89.jpg,299,168
jellyfish,74b841ebfa.jpg,1000,1498
jellyfish,77af98138b.jpg,450,253
jellyfish,79b558a9ea.jpg,2240,1260
jellyfish,7b73a08c55.jpg,300,168
jellyfish,7b926f10b1.jpg,225,225
jellyfish,7cc72585f9.jpg,208,242
jellyfish,7d6dfa3a63.jpg,2406,1091
jellyfish,7de1a5cebf.jpg,768,602
jellyfish,7e62f0d990.jpg,1600,840
jellyfish,7ec2b587a9.jpg,2000,1200
jellyfish,7f9c6aed6f.jpg,275,183
jellyfish,80a0d02a3b.jpg,1024,682
jellyfish,80a2989e65.jpg,259,194
jellyfish,80dba9b878.jpg,1280,720
jellyfish,8a4e2674dc.jpg,750,500
jellyfish,8c62d3924b.jpg,275,183
jellyfish,8ca8a5d1a7.jpg,268,188
jellyfish,8d7fccbede.jpg,299,168
jellyfish,95e59e28ce.jpg,640,360
jellyfish,9b761a5c0a.jpg,275,183
jellyfish,9ed8ff06e2.jpg,1200,1200
jellyfish,9ef35af4e0.jpg,1200,627
jellyfish,9f2e54bcfc.jpg,271,186
kangaroo,0009fc27d9.jpg,275,183
kangaroo,0059fdfeb8.jpg,563,396
kangaroo,0587be3d72.jpg,1920,1080
kangaroo,09ce84cc0c.jpg,336,150
kangaroo,09d0fdaadd.jpg,862,485
kangaroo,0b6ab7e03b.jpg,700,394
kangaroo,0b7032ee7d.jpg,295,171
kangaroo,152d621919.jpg,976,549
kangaroo,16b501e949.jpg,800,612
kangaroo,1770d78476.jpg,1600,900
kangaroo,1936e5e033.jpg,290,174
kangaroo,1a14d17c20.jpg,1240,698
kangaroo,1c756e14f2.jpg,1500,750
kangaroo,1e9af10c92.jpg,1120,630
kangaroo,2471d5ccdb.jpg,275,183
kangaroo,2683fbe9dc.jpg,1360,765
kangaroo,2806fe642b.jpg,979,734
kangaroo,2acef46f5b.jpg,636,428
kangaroo,301d649169.jpg,2000,1308
kangaroo,35e02cf907.jpg,323,156
kangaroo,3b9fd57c11.jpg,275,183
kangaroo,3c9f7b8450.jpg,300,168
kangaroo,3dc7df08bb.jpg,298,169
kangaroo,3ecb8f5738.jpg,225,225
kangaroo,40a329ecaa.jpg,1600,900
kangaroo,464faf73b5.jpg,768,512
kangaroo,49f5684328.jpg,1600,900
kangaroo,4a24c809a4.jpg,1200,901
kangaroo,4cc6403549.jpg,283,178
kangaroo,4cc76c465f.jpg,259,194
kangaroo,590af7099b.jpg,3872,2592
kangaroo,5aff95b437.jpg,402,125
kangaroo,5ea64d24d6.jpg,1200,900
kangaroo,5f0ae1cf9a.jpg,300,168
kangaroo,5f7447d7b0.jpg,250,202
kangaroo,644ae7a53a.jpg,300,168
kangaroo,698c085984.jpg,636,798
kangaroo,6aad80b0b2.jpg,862,485
kangaroo,6c763d6f65.jpg,1500,2326
kangaroo,6ca6046b96.jpg,311,162
kangaroo,6da87a2928.jpg,300,168
kangaroo,6ea7a4d5b0.jpg,299,168
kangaroo,74e523895a.jpg,275,183
kangaroo,76faa056f8.jpg,300,168
kangaroo,7a6544f486.jpg,300,168
kangaroo,7b87166691.jpg,800,533
kangaroo,7c9ff66c57.jpg,790,496
kangaroo,7cc3b69b2f.jpg,2048,1152
kangaroo,7dbc5c6b3d.jpg,1918,1078
kangaroo,80ec5a715f.jpg,1000,667
kangaroo,811ff40c85.jpg,1200,667
kangaroo,84b01c06dc.jpg,259,194
kangaroo,8a4792abe8.jpg,425,425
kangaroo,8b458653a3.jpg,1200,793
kangaroo,91de0c82cf.jpg,1200,627
kangaroo,96bc0480dc.jpg,257,196
kangaroo,99cec68c05.jpg,318,159
kangaroo,9b9074f47c.jpg,2560,1440
kangaroo,9ca549a19b.jpg,300,168
kangaroo,9fdbb3040c.jpg,259,194
koala,0042f2effe.jpg,261,193
koala,063ba52395.jpg,1279,1600
koala,09d035c85d.jpg,299,168
koala,0d02c41ab5.jpg,275,183
koala,0e8eb6b2e9.jpg,225,225
koala,0eb924dd00.jpg,226,223
koala,11fec2920e.jpg,275,183
koala,14be31fe67.jpg,275,183
koala,1a660142ae.jpg,1920,1080
koala,1a76c60c40.jpg,320,244
koala,1a9acbddfd.jpg,275,183
koala,1f3883417c.jpg,2500,1667
koala,1fdc95801b.jpg,2000,999
koala,27bcdbd57f.jpg,300,168
koala,28a37c134f.jpg,275,183
koala,29d5fb0144.jpg,288,175
koala,2aae24b29d.jpg,1920,1080
koala,2e8fe24ad3.jpg,310,162
koala,2f07008106.jpg,276,182
koala,30be5547ce.jpg,194,259
koala,30fa42ded0.jpg,1920,1281
koala,33efc25c32.jpg,1000,560
koala,34d06d0ded.jpg,600,400
koala,3b032f05b1.jpg,311,162
koala,3b58222325.jpg,1200,500
koala,3c6d6206ec.jpg,300,169
koala,3d09dc2987.jpg,1200,628
koala,3d52baf740.jpg,1200,630
koala,3d5e48ca8b.jpg,299,168
koala,3e710d8da6.jpg,768,514
koala,3f1b884203.jpg,1412,1412
koala,3f4b2076a8.jpg,1000,667
koala,42c714ccb0.jpg,275,183
koala,4c78791147.jpg,275,183
koala,4db506f55b.jpg,754,566
koala,51fb5f79ee.jpg,290,174
koala,52a9ac3802.jpg,1200,793
koala,53e6ef5129.jpg,1125,1113
koala,57dd0f6d03.jpg,259,194
koala,5a2d678016.jpg,311,162
koala,5a3251eb72.jpg,259,194
koala,5ba26c9060.jpg,300,168
koala,5fbc3e3756.jpg,297,169
koala,6a1cd7b301.jpg,473,630
koala,6c55ea6cca.jpg,275,183
koala,6ce9e3a265.jpg,275,183
koala,77ae6058e2.jpg,1028,579
koala,79dc8956bf.jpg,800,600
koala,7c6b58ad80.jpg,1200,800
koala,7d59076173.jpg,275,183
koala,7d5fa491c6.jpg,225,225
koala,7ebb13cd63.jpg,1200,857
koala,85a6803bf0.jpg,568,346
koala,8d2f165204.jpg,1200,675
koala,8eea3ae2a8.jpg,630,356
koala,8ef90bdb03.jpg,800,529
koala,9bf7dd7895.jpg,2050,1367
koala,9ca7babf11.jpg,225,225
koala,9ccdbc321b.jpg,266,190
koala,9f8451e1c5.jpg,225,225
ladybugs,0056a7d78a.jpg,677,591
ladybugs,09d10a98ba.jpg,225,225
ladybugs,0b28e0a57b.jpg,1400,933
ladybugs,0b71b2f85d.jpg,835,340
ladybugs,0ff628212b.jpg,310,163
ladybugs,117c2bd6d8.jpg,352,143
ladybugs,12c9df7004.jpg,237,213
ladybugs,1d03119184.jpg,1881,1411
ladybugs,1d70d6ca12.jpg,2304,3072
ladybugs,2015f60725.jpg,275,183
ladybugs,20ecd45ead.jpg,275,183
ladybugs,2a1ab3e573.jpg,1050,550
ladybugs,2a7ac1a149.jpg,225,225
ladybugs,2b920c5e7a.jpg,1600,1306
ladybugs,2d6cae53b4.jpg,360,237
ladybugs,2dae747c2c.jpg,269,187
ladybugs,2dcfaffd33.jpg,275,184
ladybugs,2df49a8466.jpg,3732,2407
ladybugs,2e4e159193.jpg,1279,1280
ladybugs,2f6515ed84.jpg,284,177
ladybugs,34cf7cfe90.jpg,1920,2090
ladybugs,377a7e9c80.jpg,240,210
ladybugs,38ba5035f1.jpg,600,600
ladybugs,38bfb32443.jpg,259,194
ladybugs,38fe5ff3ff.jpg,314,161
ladybugs,3b0b2d3f36.jpg,819,1000
ladybugs,3ca6c4b5db.jpg,600,600
ladybugs,3ecb136036.jpg,2880,2160
ladybugs,435f34806e.jpg,275,183
ladybugs,45c2b32931.jpg,1059,733
ladybugs,48f04d873a.jpg,1214,1000
ladybugs,4fa0266a6f.jpg,249,203
ladybugs,4fe9302487.jpg,225,224
ladybugs,4ffeb8d1dd.jpg,1873,1405
ladybugs,551eba9fc0.jpg,275,183
ladybugs,57b27f9917.jpg,224,225
ladybugs,57def82829.jpg,510,382
ladybugs,59a7f507a4.jpg,275,183
ladybugs,5b8db3578c.jpg,660,373
ladybugs,5f60968c5d.jpg,1536,864
ladybugs,62bde354fa.jpg,281,179
ladybugs,696c36cc71.jpg,365,138
ladybugs,73e59b35bb.jpg,926,654
ladybugs,76a97a815e.jpg,260,194
ladybugs,782ea7feab.jpg,3072,1728
ladybugs,7a9f37dbee.jpg,310,162
ladybugs,805eaa9596.jpg,275,183
ladybugs,818f533da9.jpg,325,155
ladybugs,89d0710f5e.jpg,273,185
ladybugs,8a55906260.jpg,600,600
ladybugs,8b6620efa8.jpg,300,168
ladybugs,8c94e8b8e1.jpg,750,350
ladybugs,8e6e74e85b.jpg,1600,1200
ladybugs,8eacc45015.jpg,760,480
ladybugs,8fe63f2ed2.jpg,680,454
ladybugs,91d49bcfdf.jpg,275,183
ladybugs,97dbf58c22.jpg,318,159
ladybugs,98e11bacad.jpg,1400,1400
ladybugs,9e4c84fb29.jpg,1199,574
ladybugs,9eca283316.jpg,300,168
leopard,033c8c8787.jpg,2560,1440
leopard,08e4bc108d.jpg,300,168
leopard,0a60fc5f3f.jpg,264,191
leopard,0cf927aad7.jpg,212,238
leopard,0d3ee34d42.jpg,273,185
leopard,0dcd51602e.jpg,1068,770
leopard,0eb956c38c.jpg,1920,1080
leopard,10c84dc56f.jpg,259,194
leopard,11dfaa6649.jpg,267,189
leopard,15df975139.jpg,259,194
leopard,16c517b41f.jpg,1200,675
leopard,16fd984d50.jpg,211,239
leopard,1aa9dfca2f.jpg,261,193
leopard,1aaf570d5b.jpg,650,400
leopard,1d288afed5.jpg,1200,646
leopard,1dc348f0f4.jpg,400,300
leopard,1edb3ca86b.jpg,275,183
leopard,1f0417beb2.jpg,1100,1429
leopard,1ffefae804.jpg,275,183
leopard,20a83ea83f.jpg,290,174
leopard,20af717417.jpg,3000,2082
leopard,25aaedbf97.jpg,600,450
leopard,28ffab0347.jpg,275,183
leopard,2a41aeb776.jpg,591,841
leopard,2b9f5e3bd0.jpg,850,603
leopard,2bf93ecede.jpg,1024,768
leopard,2e61139241.jpg,205,246
leopard,2e68169f86.jpg,269,188
leopard,3a5a6e96ff.jpg,300,168
leopard,3c2367666e.jpg,249,203
leopard,3caadd5fae.jpg,300,168
leopard,3d12d9e22c.jpg,480,720
leopard,3d912d69d7.jpg,300,168
leopard,3eda972ec6.jpg,1200,630
leopard,4aefd7bcf1.jpg,1200,1200
leopard,4cc4005bf2.jpg,1200,900
leopard,4f9c2e29c4.jpg,306,165
leopard,5f59e752ec.jpg,960,600
leopard,6a1e98348e.jpg,300,168
leopard,6b0f0c2480.jpg,1024,728
leopard,6c71261ce7.jpg,640,471
leopard,6ca023099a.jpg,242,208
leopard,6e2781163c.jpg,2000,1500
leopard,6ecdb7f0b1.jpg,259,194
leopard,7af6bdc5d4.jpg,976,549
leopard,7c41389f5d.jpg,700,394
leopard,7eb3de8a3e.jpg,2560,1707
leopard,7f531deb20.jpg,1200,1350
leopard,8a0751ed41.jpg,275,183
leopard,8b81792b48.jpg,1653,1284
leopard,8b94deebeb.jpg,259,194
leopard,8e40fd968d.jpg,400,400
leopard,8f80468167.jpg,300,168
leopard,8f88696942.jpg,1024,683
leopard,9b6a2b1e8f.jpg,2500,2152
leopard,9cc45df890.jpg,275,183
leopard,9d16c2b935.jpg,1100,619
leopard,9d98548ce5.jpg,266,189
leopard,9e8816a30c.jpg,1200,675
leopard,9fa3adaf8a.jpg,900,600
lion,0209bbf635.jpg,225,225
lion,05d42c9bd8.jpg,945,630
lion,09b23c3373.jpg,1024,683
lion,0a0300a234.jpg,512,288
lion,0b36ead42d.jpg,411,122
lion,12f57cfa18.jpg,309,163
lion,143db76fdf.jpg,275,183
lion,16f1e28b64.jpg,300,168
lion,182efd137c.jpg,299,168
lion,191aede32f.jpg,3264,2329
lion,1e1b33f87e.jpg,900,530
lion,1e1b3ea01c.jpg,300,168
lion,22aa65105f.jpg,2448,1624
lion,25b7a71420.jpg,294,171
lion,26b5f608c9.jpg,293,172
lion,2d670c088a.jpg,560,670
lion,2e33d2250b.jpg,259,194
lion,2fac13108c.jpg,1200,400
lion,30ec7a1f53.jpg,1024,576
lion,326ccde052.jpg,1280,960
lion,33cf8a44c3.jpg,300,168
lion,355a292afc.jpg,496,321
lion,35bb50c8cd.jpg,270,187
lion,35e8b2fceb.jpg,299,168
lion,3af8eda7af.jpg,300,168
lion,41ee7cdad6.jpg,260,194
lion,48c8d7664f.jpg,556,556
lion,49ce57d2a1.jpg,940,530
lion,49e03e97bf.jpg,1200,800
lion,4c0f082b74.jpg,2880,1228
lion,4c6398221e.jpg,490,399
lion,4c6ec7185d.jpg,1200,900
lion,4d29f849f8.jpg,2596,1797
lion,4dbdd0fea8.jpg,1280,809
lion,51d9525bd9.jpg,275,183
lion,56b70b4ecc.jpg,300,168
lion,5b8cc93b29.jpg,310,163
lion,5f8df573bf.jpg,275,183
lion,5fb837c61b.jpg,1200,900
lion,61e6f6109c.jpg,640,854
lion,65b368f341.jpg,275,183
lion,67e24a4b79.jpg,660,440
lion,70f0d3a1a8.jpg,293,172
lion,7a9a41f459.jpg,275,183
lion,7cf8e64072.jpg,1200,800
lion,7d8f058238.jpg,3072,2048
lion,7dc0036a9d.jpg,194,259
lion,7dcef33a0b.jpg,1280,720
lion,85b1857ed6.jpg,277,182
lion,8b42d2c018.jpg,279,181
lion,8caaf87eae.jpg,1030,580
lion,8cb1b87044.jpg,790,526
lion,8ec580597e.jpg,259,194
lion,8ee9a43ad6.jpg,656,400
lion,92c30c59f8.jpg,2848,2848
lion,92f5424e4d.jpg,310,163
lion,96a73103e3.jpg,200,240
lion,9acdf9a504.jpg,1536,1024
lion,9b237131a3.jpg,590,390
lion,9fe4200d49.jpg,283,178
lizard,000d3a9260.jpg,1200,900
lizard,01d7ea45ff.jpg,760,782
lizard,027a135d0c.jpg,650,400
lizard,03c69f1a3a.jpg,275,183
lizard,04bee5f7e0.jpg,660,346
lizard,071dbd8756.jpg,1200,630
lizard,07b66570fa.jpg,512,317
lizard,0872c2695b.jpg,1030,579
lizard,13f4a3df99.jpg,563,397
lizard,14ef9f733f.jpg,299,168
lizard,180ed7e8bd.jpg,300,168
lizard,1e48bca8f5.jpg,1136,668
lizard,1f3da493ac.jpg,960,540
lizard,1f63cf52e0.jpg,259,194
lizard,22e886e1f5.jpg,768,437
lizard,24d121aeb9.jpg,400,300
lizard,26bacc1333.jpg,1235,848
lizard,2e051fe5a6.jpg,275,183
lizard,2e1ab90894.jpg,299,168
lizard,31d2bc8423.jpg,277,182
lizard,327edfab9a.jpg,318,159
lizard,34d54d8b70.jpg,760,507
lizard,35f5362fc9.jpg,316,159
lizard,3a70eae985.jpg,1138,1138
lizard,3bdff7e0ed.jpg,3263,2438
lizard,3c7af6bff5.jpg,299,168
lizard,40ce1ae343.jpg,314,161
lizard,44ef8f53ab.jpg,300,168
lizard,45b248dfad.jpg,300,168
lizard,4ad7f61c1e.jpg,1920,1079
lizard,4b0bc33314.jpg,1200,720
lizard,4ffb2c3d41.jpg,257,196
lizard,576a1e19fb.jpg,1000,1500
lizard,581b06830c.jpg,960,637
lizard,58f1c00bc1.jpg,279,181
lizard,5ef8c24651.jpg,1028,579
lizard,5f41057c56.jpg,1200,1200
lizard,5f8337cd1d.jpg,259,194
lizard,65fa1309e8.jpg,960,500
lizard,6d900499ec.jpg,276,183
lizard,6de3ff9c70.jpg,191,264
lizard,72a484d11a.jpg,225,225
lizard,73e9793951.jpg,1100,734
lizard,7a51112ebb.jpg,770,433
lizard,7be12ec6d7.jpg,600,400
lizard,7f131efc28.jpg,1280,491
lizard,801a6afd7a.jpg,275,183
lizard,89fcf3e801.jpg,363,139
lizard,8a51282de1.jpg,450,253
lizard,8b7c1c9e03.jpg,1920,1080
lizard,8da575dfda.jpg,1600,1133
lizard,8f116fd089.jpg,1500,1226
lizard,94ca101906.jpg,275,183
lizard,996bf563b1.jpg,260,194
lizard,9ae814aa60.jpg,272,185
lizard,9b1263eae2.jpg,275,183
lizard,9cb84541b7.jpg,640,883
lizard,9d947e9d53.jpg,225,225
lizard,9f261319ce.jpg,310,163
lizard,9f66c204ac.jpg,267,189
lobster,01837764cc.jpg,198,255
lobster,0793f5e731.jpg,1874,1424
lobster,12120b160e.jpg,225,225
lobster,1b52a87ccf.jpg,194,259
lobster,31c6b88471.jpg,940,400
lobster,341798d191.jpg,1280,960
lobster,3c9af635fd.jpg,1155,648
lobster,3cd0399008.jpg,246,205
lobster,407c310e07.jpg,1500,1125
lobster,42f0ac4f2c.jpg,254,198
lobster,43677efc2f.jpg,275,183
lobster,47abe1be60.jpg,600,500
lobster,4df7226664.jpg,258,196
lobster,4fb3fdaf9a.jpg,1200,938
lobster,54aa4ce56f.jpg,1044,652
lobster,54e043640e.jpg,1440,1084
lobster,5a2f63d10a.jpg,2048,1152
lobster,61f76189be.jpg,275,183
lobster,62479089df.jpg,3072,2304
lobster,64e8d9eb7a.jpg,300,214
lobster,735fd79f13.jpg,607,780
lobster,802f16ca28.jpg,259,194
lobster,81c72802ad.jpg,275,183
lobster,82c4e27ed9.jpg,310,163
lobster,8419d62564.jpg,300,168
lobster,864da9f672.jpg,480,480
lobster,88f2dad564.jpg,234,216
lobster,89427b22f3.jpg,277,182
lobster,89a6f6ac14.jpg,300,168
lobster,8f89255918.jpg,275,183
lobster,96141d8d6f.jpg,259,194
lobster,9fad000b1e.jpg,2000,1333
lobster,a06b93f6cf.jpg,275,183
lobster,a530b79244.jpg,342,147
lobster,b34768cc4e.jpg,2016,1344
lobster,b692092658.jpg,700,525
lobster,b745eaea03.jpg,259,194
lobster,b7b4c2b90f.jpg,2000,1334
lobster,be70c1d78c.jpg,224,224
lobster,c0c5bf11ab.jpg,275,183
lobster,c178d6b7f5.jpg,610,458
lobster,c724c182b9.jpg,1200,628
lobster,c8c195fe2a.jpg,3014,3014
lobster,d12531f380.jpg,500,500
lobster,d7df1019da.jpg,824,712
lobster,d97b0d266a.jpg,259,194
lobster,d9d9e7665b.jpg,1600,1200
lobster,db900858df.jpg,279,181
lobster,dc43d4b46c.jpg,183,275
lobster,de356673e0.jpg,259,194
lobster,def6efa78d.jpg,266,190
lobster,e045062ded.jpg,299,169
lobster,e231110f3f.jpg,2500,1875
lobster,ea19158455.jpg,300,168
lobster,eaaa72b4e1.jpg,281,179
lobster,ec0b16bd10.jpg,1280,832
lobster,f2ddf67e19.jpg,2848,2848
lobster,f63ab72460.jpg,2265,2265
lobster,fb8a0aab90.jpg,1200,679
lobster,ffa12cda9e.jpg,484,272
mosquito,0014c2d720.jpg,318,159
mosquito,00196e8fac.jpg,1891,1591
mosquito,04b313d71b.jpg,1320,742
mosquito,04bcb70ffc.jpg,273,185
mosquito,0ce2e70635.jpg,1440,976
mosquito,0d94e6dda1.jpg,300,168
mosquito,0ea2c48b44.jpg,650,350
mosquito,0eb1bc06ac.jpg,800,825
mosquito,0ecfe10bdc.jpg,684,432
mosquito,135f5680b3.jpg,1600,900
mosquito,17bccc2100.jpg,259,195
mosquito,1a8879fed6.jpg,300,168
mosquito,1b0833f1aa.jpg,600,400
mosquito,1c7e02118b.jpg,650,300
mosquito,247b7fb814.jpg,300,168
mosquito,257a9aee19.jpg,331,152
mosquito,2a4b76d55e.jpg,975,733
mosquito,2c8600c6ad.jpg,1800,1200
mosquito,2da44f343a.jpg,1280,976
mosquito,2dd69c8706.jpg,1200,600
mosquito,2e7dc4dd4d.jpg,275,183
mosquito,2eed7fbd33.jpg,276,183
mosquito,38aba25156.jpg,300,168
mosquito,3af92538be.jpg,275,183
mosquito,3b53bde359.jpg,1280,720
mosquito,3ecc92131d.jpg,1280,847
mosquito,3f4fa62092.jpg,600,442
mosquito,41adb705f1.jpg,348,145
mosquito,42f421523d.jpg,259,194
mosquito,43b7ebe11f.jpg,1015,571
mosquito,47b846f842.jpg,285,177
mosquito,49a8a6369a.jpg,259,194
mosquito,4a18789850.jpg,600,373
mosquito,4abf6cdf9a.jpg,3072,2048
mosquito,53a3fb6b20.jpg,300,168
mosquito,56af56310b.jpg,286,176
mosquito,5d6099faee.jpg,4444,2964
mosquito,5f9ee6c042.jpg,299,168
mosquito,5fa4180079.jpg,2860,2145
mosquito,5feb73f31a.jpg,1140,640
mosquito,66ebdfa850.jpg,274,184
mosquito,6ac9fd07a9.jpg,276,182
mosquito,6c120f9f0d.jpg,276,183
mosquito,6d261b1d43.jpg,1160,780
mosquito,6d5d5a4371.jpg,2127,1409
mosquito,6d8050b305.jpg,900,675
mosquito,76a1c9fd92.jpg,1300,866
mosquito,7b0816c594.jpg,1200,797
mosquito,7cc15cecf2.jpg,310,163
mosquito,8ad9a89541.jpg,3287,1849
mosquito,8eefde984c.jpg,275,183
mosquito,8ffa6a4d39.jpg,268,188
mosquito,94af627fb2.jpg,281,179
mosquito,98e559c1ea.jpg,800,825
mosquito,9a264ec005.jpg,943,530
mosquito,9adc6ec866.jpg,225,225
mosquito,9cfbff977e.jpg,724,483
mosquito,9d9675ac34.jpg,1200,500
mosquito,9de457b7db.jpg,1200,800
mosquito,9f199ed3fd.jpg,3563,2400
